Município,2010,2011,2012,2013,2014,2015,2016,2017,2018,2019,2020
ABATIÁ,7507,7457,7727,7727,7727,7727,7727,7727,7727,7727,7690
ABDON BATISTA,2644,2644,2635,2656,2643,2630,2617,2604,2577,2563,2548
ABELARDO LUZ,17151,17151,17200,17584,17651,17717,17782,17847,17847,17904,17960
ADRIANÓPOLIS,5983,5919,6328,6328,6328,6328,6328,6328,6328,6328,6281
AGROLÂNDIA,9440,9440,9552,9957,10115,10272,10427,10581,10711,10864,11013
AGRONÔMICA,4954,4954,4985,5172,5239,5306,5371,5437,5385,5448,5509
ÁGUA DOCE,6971,6971,6979,7110,7121,7132,7143,7154,7138,7145,7152
ÁGUAS DE CHAPECÓ,6136,6136,6160,6313,6346,6379,6412,6445,6455,6486,6515
ÁGUAS FRIAS,2417,2417,2409,2430,2419,2408,2397,2387,2378,2366,2354
ÁGUAS MORNAS,5618,5618,5685,5926,6020,6113,6206,6298,6378,6469,6559
AGUDOS DO SUL,9269,9371,8351,8351,8351,8351,8351,8351,8351,8351,8429
ALFREDO WAGNER,9453,9453,9494,9737,9794,9850,9905,9960,9984,10036,10086
ALMIRANTE TAMANDARÉ,117168,118623,104350,104350,104350,104350,104350,104350,104350,104350,105458
ALTAMIRA DO PARANÁ,2209,1942,4100,4100,4100,4100,4100,4100,4100,4100,3900
ALTO BELA VISTA,1998,1998,1991,2007,1997,1987,1977,1967,1948,1937,1926
ALTO PARAÍSO,2799,2741,3162,3162,3162,3162,3162,3162,3162,3162,3119
ALTO PARANÁ,14679,14770,13736,13736,13736,13736,13736,13736,13736,13736,13806
ALTO PIQUIRI,9896,9836,10135,10135,10135,10135,10135,10135,10135,10135,10092
ALTÔNIA,21933,22056,20615,20615,20615,20615,20615,20615,20615,20615,20711
ALVORADA DO SUL,11306,11406,10363,10363,10363,10363,10363,10363,10363,10363,10439
AMAPORÃ,6181,6257,5504,5504,5504,5504,5504,5504,5504,5504,5562
AMPÉRE,18989,19152,17438,17438,17438,17438,17438,17438,17438,17438,17563
ANAHY,2816,2801,2864,2864,2864,2864,2864,2864,2864,2864,2854
ANCHIETA,6323,6323,6172,6145,6066,5987,5909,5832,5721,5638,5557
ANDIRÁ,20139,20031,20530,20530,20530,20530,20530,20530,20530,20530,20451
ANGELINA,5210,5210,5171,5166,5109,5053,4998,4943,4860,4801,4743
ÂNGULO,2927,2928,2861,2861,2861,2861,2861,2861,2861,2861,2862
ANITA GARIBALDI,8497,8497,8374,8230,8055,7881,7708,7537,7313,7133,6957
ANITÁPOLIS,3213,3213,3211,3259,3256,3253,3251,3248,3236,3232,3228
ANTONINA,19011,18980,18870,18870,18870,18870,18870,18870,18870,18870,18849
ANTÔNIO CARLOS,7537,7537,7613,7906,8012,8118,8223,8327,8411,8513,8613
ANTÔNIO OLINTO,7441,7434,7347,7347,7347,7347,7347,7347,7347,7347,7343
APIÚNA,9683,9683,9764,10099,10211,10322,10432,10542,10636,10743,10848
APUCARANA,133726,134996,121924,121924,121924,121924,121924,121924,121924,121924,122896
ARABUTÃ,4196,4196,4198,4270,4273,4276,4278,4281,4266,4267,4267
ARAPONGAS,121198,123027,105588,105588,105588,105588,105588,105588,105588,105588,106978
ARAPOTI,27925,28115,26007,26007,26007,26007,26007,26007,26007,26007,26153
ARAPUÃ,3128,3068,3515,3515,3515,3515,3515,3515,3515,3515,3469
ARAQUARI,25860,25860,26875,29593,31030,32454,33867,35268,36710,38129,39524
ARARANGUÁ,61817,61817,62308,64405,65090,65769,66442,67110,67578,68228,68867
ARARUNA,13939,13970,13445,13445,13445,13445,13445,13445,13445,13445,13471
ARAUCÁRIA,141410,143843,121032,121032,121032,121032,121032,121032,121032,121032,122878
ARIRANHA DO IVAÍ,2151,2108,2420,2420,2420,2420,2420,2420,2420,2420,2389
ARMAZÉM,7821,7821,7886,8159,8251,8341,8431,8520,8587,8674,8759
ARROIO TRINTA,3503,3503,3504,3562,3563,3563,3564,3564,3551,3550,3549
ARVOREDO,2257,2257,2254,2281,2276,2271,2266,2261,2246,2240,2234
ASCURRA,7449,7449,7485,7683,7732,7781,7829,7877,7889,7934,7978
ASSAÍ,15289,15119,16225,16225,16225,16225,16225,16225,16225,16225,16099
ASSIS CHATEAUBRIAND,33397,33362,33003,33003,33003,33003,33003,33003,33003,33003,32981
ASTORGA,26011,26111,24780,24780,24780,24780,24780,24780,24780,24780,24859
ATALAIA,3902,3892,3906,3906,3906,3906,3906,3906,3906,3906,3898
ATALANTA,3291,3291,3281,3310,3296,3282,3268,3254,3226,3210,3195
AURORA,5555,5555,5561,5661,5668,5674,5681,5688,5676,5679,5683
BALNEÁRIO ARROIO DO SILVA,9858,9858,10121,10876,11248,11616,11982,12344,12705,13071,13430
BALNEÁRIO BARRA DO SUL,8614,8614,8791,9330,9580,9828,10073,10317,10550,10795,11035
BALNEÁRIO CAMBORIÚ,110748,110748,113319,120926,124557,128155,131727,135268,138732,142295,145796
BALNEÁRIO GAIVOTA,8448,8448,8655,9259,9551,9841,10128,10413,10692,10979,11260
BALNEÁRIO PIÇARRAS,17552,17552,18010,19329,19976,20617,21253,21884,22511,23147,23772
BALNEÁRIO RINCÃO,11136,11136,11136,11628,11824,12018,12212,12403,12570,12760,12946
BALSA NOVA,12787,12941,11422,11422,11422,11422,11422,11422,11422,11422,11539
BANDEIRANTE,2886,2886,2866,2865,2836,2808,2779,2751,2708,2678,2648
BANDEIRANTES,31526,31367,32066,32066,32066,32066,32066,32066,32066,32066,31951
BARBOSA FERRAZ,11714,11568,12545,12545,12545,12545,12545,12545,12545,12545,12437
BARRA BONITA,1860,1860,1853,1842,1815,1790,1764,1739,1704,1677,1651
BARRA DO JACARÉ,2781,2781,2728,2728,2728,2728,2728,2728,2728,2728,2728
BARRA VELHA,22913,22913,23422,24943,25662,26374,27080,27781,28463,29168,29860
BARRACÃO,10238,10275,9766,9766,9766,9766,9766,9766,9766,9766,9796
BELA VISTA DA CAROBA,3567,3511,3903,3903,3903,3903,3903,3903,3903,3903,3861
BELA VISTA DO PARAÍSO,15395,15397,15083,15083,15083,15083,15083,15083,15083,15083,15087
BELA VISTA DO TOLDO,6026,6026,6047,6191,6219,6248,6276,6304,6311,6337,6362
BELMONTE,2639,2639,2643,2692,2696,2700,2705,2709,2703,2706,2709
BENEDITO NOVO,10434,10434,10528,10906,11037,11168,11297,11425,11526,11652,11775
BIGUAÇU,58984,58984,59736,62383,63440,64488,65528,66558,67458,68481,69486
BITURUNA,16377,16389,15892,15892,15892,15892,15892,15892,15892,15892,15903
BLUMENAU,312635,312635,316139,329082,334002,338876,343715,348513,352460,357199,361855
BOA ESPERANÇA,4165,4105,4523,4523,4523,4523,4523,4523,4523,4523,4479
BOA ESPERANÇA DO IGUAÇU,2538,2503,2738,2738,2738,2738,2738,2738,2738,2738,2713
BOA VENTURA DE SÃO ROQUE,6411,6387,6537,6537,6537,6537,6537,6537,6537,6537,6520
BOA VISTA DA APARECIDA,7643,7591,7872,7872,7872,7872,7872,7872,7872,7872,7834
BOCAINA DO SUL,3303,3303,3314,3393,3408,3424,3440,3456,3460,3474,3488
BOCAIÚVA DO SUL,12755,12944,11136,11136,11136,11136,11136,11136,11136,11136,11280
BOM JARDIM DA SERRA,4420,4420,4443,4566,4598,4631,4663,4694,4712,4743,4772
BOM JESUS,2563,2563,2599,2721,2771,2821,2870,2919,2961,3010,3057
BOM JESUS DO OESTE,2131,2131,2130,2160,2158,2156,2153,2151,2146,2142,2139
BOM JESUS DO SUL,3577,3541,3769,3769,3769,3769,3769,3769,3769,3769,3742
BOM RETIRO,9017,9017,9090,9397,9498,9598,9698,9796,9870,9966,10060
BOM SUCESSO,6995,7032,6591,6591,6591,6591,6591,6591,6591,6591,6620
BOM SUCESSO DO SUL,3274,3264,3286,3286,3286,3286,3286,3286,3286,3286,3279
BOMBINHAS,14722,14722,15136,16311,16897,17477,18052,18623,19193,19769,20335
BORRAZÓPOLIS,6749,6592,7758,7758,7758,7758,7758,7758,7758,7758,7641
BOTUVERÁ,4527,4527,4584,4785,4864,4943,5022,5100,5169,5246,5322
BRAÇO DO NORTE,29351,29351,29672,30868,31319,31765,32209,32648,33016,33450,33876
BRAÇO DO TROMBUDO,3478,3478,3498,3599,3627,3654,3682,3709,3718,3743,3769
BRAGANEY,5473,5427,5700,5700,5700,5700,5700,5700,5700,5700,5667
BRASILÂNDIA DO SUL,2719,2651,3157,3157,3157,3157,3157,3157,3157,3157,3107
BRUNÓPOLIS,2814,2814,2778,2741,2690,2639,2589,2539,2473,2420,2368
BRUSQUE,107764,107764,109950,116634,119719,122775,125810,128818,131703,134723,137689
CAÇADOR,71334,71334,71886,74276,75048,75812,76571,77323,77863,78595,79313
CAFEARA,2914,2934,2712,2712,2712,2712,2712,2712,2712,2712,2727
CAFELÂNDIA,17775,18120,14933,14933,14933,14933,14933,14933,14933,14933,15194
CAFEZAL DO SUL,4080,4044,4263,4263,4263,4263,4263,4263,4263,4263,4236
CAIBI,6209,6209,6199,6274,6259,6243,6228,6213,6167,6148,6130
CALIFÓRNIA,8533,8570,8100,8100,8100,8100,8100,8100,8100,8100,8129
CALMON,3381,3381,3375,3416,3407,3398,3389,3380,3357,3346,3335
CAMBARÁ,25252,25360,23974,23974,23974,23974,23974,23974,23974,23974,24060
CAMBÉ,105704,106533,97390,97390,97390,97390,97390,97390,97390,97390,98024
CAMBIRA,7813,7865,7279,7279,7279,7279,7279,7279,7279,7279,7319
CAMBORIÚ,63967,63967,65520,70068,72261,74434,76592,78731,80834,82989,85105
CAMPINA DA LAGOA,14366,14202,15270,15270,15270,15270,15270,15270,15270,15270,15149
CAMPINA DO SIMÃO,3917,3887,4054,4054,4054,4054,4054,4054,4054,4054,4033
CAMPINA GRANDE DO SUL,42880,43288,39092,39092,39092,39092,39092,39092,39092,39092,39404
CAMPO ALEGRE,11757,11757,11766,11972,11982,11992,12002,12012,11974,11978,11981
CAMPO BELO DO SUL,7440,7440,7398,7419,7358,7297,7237,7177,7081,7016,6952
CAMPO BONITO,3905,3833,4352,4352,4352,4352,4352,4352,4352,4352,4299
CAMPO DO TENENTE,7894,7971,7186,7186,7186,7186,7186,7186,7186,7186,7245
CAMPO ERÊ,9295,9295,9222,9203,9098,8993,8890,8787,8636,8526,8418
CAMPO LARGO,130091,132002,113882,113882,113882,113882,113882,113882,113882,113882,115336
CAMPO MAGRO,28885,29318,25184,25184,25184,25184,25184,25184,25184,25184,25513
CAMPO MOURÃO,94212,94859,87710,87710,87710,87710,87710,87710,87710,87710,88209
CAMPOS NOVOS,33073,33073,33313,34386,34721,35054,35383,35710,35930,36244,36556
CÂNDIDO DE ABREU,15233,15018,16491,16491,16491,16491,16491,16491,16491,16491,16332
CANDÓI,15903,15979,15045,15045,15045,15045,15045,15045,15045,15045,15104
CANELINHA,10726,10726,10845,11286,11452,11617,11781,11944,12080,12240,12398
CANOINHAS,52853,52853,52937,53969,54079,54188,54296,54403,54319,54401,54480
CANTAGALO,13306,13317,12963,12963,12963,12963,12963,12963,12963,12963,12974
CAPANEMA,19099,19124,18549,18549,18549,18549,18549,18549,18549,18549,18570
CAPÃO ALTO,2733,2733,2713,2711,2682,2654,2625,2597,2556,2525,2496
CAPINZAL,20919,20919,21064,21726,21928,22129,22327,22524,22658,22848,23035
CAPITÃO LEÔNIDAS MARQUES,15724,15780,15016,15016,15016,15016,15016,15016,15016,15016,15060
CAPIVARI DE BAIXO,21913,21913,22145,23018,23342,23663,23982,24298,24559,24871,25177
CARAMBEÍ,22993,23415,19494,19494,19494,19494,19494,19494,19494,19494,19813
CARLÓPOLIS,14283,14320,13737,13737,13737,13737,13737,13737,13737,13737,13767
CASCAVEL,324476,328454,289340,289340,289340,289340,289340,289340,289340,289340,292372
CASTRO,71151,71484,67353,67353,67353,67353,67353,67353,67353,67353,67613
CATANDUVAS,10213,19842,9746,10112,10244,10374,10503,10632,10735,21047,21153
CAXAMBU DO SUL,4346,4346,4283,4208,4118,4028,3939,3850,3735,3642,3551
CELSO RAMOS,2766,2766,2760,2792,2784,2776,2768,2760,2738,2728,2719
CENTENÁRIO DO SUL,10891,10827,11142,11142,11142,11142,11142,11142,11142,11142,11096
CERRO AZUL,17725,17779,16983,16983,16983,16983,16983,16983,16983,16983,17027
CERRO NEGRO,3542,3542,3503,3472,3417,3362,3308,3254,3181,3124,3068
CÉU AZUL,11709,11765,11078,11078,11078,11078,11078,11078,11078,11078,11121
CHAPADÃO DO LAGEADO,2778,2778,2793,2871,2892,2912,2933,2953,2969,2988,3006
CHAPECÓ,186337,186337,189052,198188,202009,205795,209553,213279,216654,220367,224013
CHOPINZINHO,19343,19254,19613,19613,19613,19613,19613,19613,19613,19613,19549
CIANORTE,81393,82620,70922,70922,70922,70922,70922,70922,70922,70922,71855
CIDADE GAÚCHA,12503,12652,11180,11180,11180,11180,11180,11180,11180,11180,11294
CLEVELÂNDIA,16671,16559,17156,17156,17156,17156,17156,17156,17156,17156,17075
COCAL DO SUL,15269,15269,15376,15860,16009,16156,16301,16446,16544,16684,16821
COLOMBO,240840,243726,215242,215242,215242,215242,215242,215242,215242,215242,217443
COLORADO,23879,24012,22452,22452,22452,22452,22452,22452,22452,22452,22555
CONCÓRDIA,69048,69048,69462,71499,72073,72642,73206,73766,74106,74641,75167
CONGONHINHAS,8777,8818,8312,8312,8312,8312,8312,8312,8312,8312,8344
CONSELHEIRO MAIRINCK,3843,3860,3650,3650,3650,3650,3650,3650,3650,3650,3663
CONTENDA,18326,18584,16095,16095,16095,16095,16095,16095,16095,16095,16292
CORBÉLIA,17024,17071,16352,16352,16352,16352,16352,16352,16352,16352,16389
CORDILHEIRA ALTA,3819,3819,3869,4043,4114,4184,4253,4321,4385,4453,4520
CORNÉLIO PROCÓPIO,47847,47845,46934,46934,46934,46934,46934,46934,46934,46934,46939
CORONEL DOMINGOS SOARES,7475,7497,7256,7256,7256,7256,7256,7256,7256,7256,7274
CORONEL FREITAS,10189,10189,10165,10272,10236,10201,10165,10130,10022,9981,9940
CORONEL MARTINS,2464,2464,2469,2520,2527,2534,2541,2548,2544,2549,2555
CORONEL VIVIDA,20892,20734,21630,21630,21630,21630,21630,21630,21630,21630,21514
CORREIA PINTO,14613,14613,14447,14301,14063,13826,13591,13358,13040,12795,12553
CORUMBATAÍ DO SUL,3313,3219,3930,3930,3930,3930,3930,3930,3930,3930,3860
CORUPÁ,14006,14006,14155,14716,14925,15132,15337,15541,15709,15909,16107
CRICIÚMA,193989,193989,195614,202395,204667,206918,209153,211369,213023,215186,217311
CRUZ MACHADO,18675,18708,18069,18069,18069,18069,18069,18069,18069,18069,18097
CRUZEIRO DO IGUAÇU,4264,4252,4270,4270,4270,4270,4270,4270,4270,4270,4261
CRUZEIRO DO OESTE,20917,20932,20431,20431,20431,20431,20431,20431,20431,20431,20446
CRUZEIRO DO SUL,4489,4469,4548,4548,4548,4548,4548,4548,4548,4548,4534
CRUZMALTINA,2980,2950,3140,3140,3140,3140,3140,3140,3140,3140,3118
CUNHA PORÃ,10643,10643,10671,10905,10944,10982,11020,11057,11053,11086,11118
CUNHATAÍ,1887,1887,1892,1931,1937,1943,1949,1955,1957,1962,1967
CURITIBA,1917185,1933105,1764541,1764541,1764541,1764541,1764541,1764541,1764541,1764541,1776761
CURITIBANOS,37878,37878,38003,38890,39061,39231,39399,39566,39595,39745,39893
CURIÚVA,15003,15101,14002,14002,14002,14002,14002,14002,14002,14002,14077
DESCANSO,8597,8597,8560,8612,8558,8505,8452,8399,8308,8250,8192
DIAMANTE D'OESTE,5239,5253,5039,5039,5039,5039,5039,5039,5039,5039,5050
DIAMANTE DO NORTE,5146,5087,5472,5472,5472,5472,5472,5472,5472,5472,5428
DIAMANTE DO SUL,3454,3439,3499,3499,3499,3499,3499,3499,3499,3499,3488
DIONÍSIO CERQUEIRA,14855,14855,14896,15227,15283,15339,15395,15450,15450,15498,15545
DOIS VIZINHOS,40234,40641,36501,36501,36501,36501,36501,36501,36501,36501,36813
DONA EMMA,3753,3753,3784,3912,3955,3997,4039,4081,4105,4146,4186
DOURADINA,8621,8747,7544,7544,7544,7544,7544,7544,7544,7544,7640
DOUTOR CAMARGO,5976,5979,5832,5832,5832,5832,5832,5832,5832,5832,5836
DOUTOR PEDRINHO,3645,3645,3683,3828,3883,3937,3990,4043,4013,4064,4115
DOUTOR ULYSSES,5609,5580,5706,5706,5706,5706,5706,5706,5706,5706,5686
ENÉAS MARQUES,5990,5961,6082,6082,6082,6082,6082,6082,6082,6082,6061
ENGENHEIRO BELTRÃO,14020,14000,13893,13893,13893,13893,13893,13893,13893,13893,13880
ENTRE RIOS,3031,3031,3043,3118,3135,3151,3167,3183,3189,3203,3218
ENTRE RIOS DO OESTE,4481,4539,3972,3972,3972,3972,3972,3972,3972,3972,4017
ERMO,2050,2050,2049,2081,2079,2078,2077,2076,2066,2063,2061
ERVAL VELHO,4359,4359,4365,4448,4456,4464,4472,4480,4407,4412,4418
ESPERANÇA NOVA,1732,1698,1945,1945,1945,1945,1945,1945,1945,1945,1919
ESPIGÃO ALTO DO IGUAÇU,4188,4117,4623,4623,4623,4623,4623,4623,4623,4623,4570
FAROL,3139,3089,3435,3435,3435,3435,3435,3435,3435,3435,3398
FAXINAL,17185,17251,16369,16369,16369,16369,16369,16369,16369,16369,16421
FAXINAL DOS GUEDES,10653,10653,10645,10797,10784,10771,10758,10745,10686,10667,10649
FAZENDA RIO GRANDE,98368,100209,83118,83118,83118,83118,83118,83118,83118,83118,84514
FÊNIX,4777,4762,4792,4792,4792,4792,4792,4792,4792,4792,4781
FERNANDES PINHEIRO,5690,5646,5899,5899,5899,5899,5899,5899,5899,5899,5867
FIGUEIRA,7845,7770,8236,8236,8236,8236,8236,8236,8236,8236,8181
FLOR DA SERRA DO SUL,4645,4624,4711,4711,4711,4711,4711,4711,4711,4711,4695
FLOR DO SERTÃO,1587,1587,1585,1605,1603,1600,1597,1594,1586,1582,1579
FLORAÍ,4953,4929,5032,5032,5032,5032,5032,5032,5032,5032,5015
FLORESTA,6695,6774,5994,5994,5994,5994,5994,5994,5994,5994,6054
FLORESTÓPOLIS,10646,10548,11148,11148,11148,11148,11148,11148,11148,11148,11076
FLORIANÓPOLIS,427298,427298,433158,453285,461524,469690,477798,485838,492977,500973,508826
FLÓRIDA,2679,2689,2552,2552,2552,2552,2552,2552,2552,2552,2560
FORMOSA DO OESTE,6700,6578,7448,7448,7448,7448,7448,7448,7448,7448,7358
FORMOSA DO SUL,2592,2592,2583,2603,2589,2576,2562,2549,2525,2510,2495
FORQUILHINHA,22871,22871,23183,24256,24694,25129,25560,25988,26368,26793,27211
FOZ DO IGUAÇU,258823,258532,255900,255900,255900,255900,255900,255900,255900,255900,255718
FOZ DO JORDÃO,4745,4650,255900,255900,255900,255900,255900,255900,255900,5347,5276
FRAIBURGO,34677,34677,34796,35618,35781,35942,36102,36261,36299,36443,36584
FRANCISCO ALVES,6101,6046,6377,6377,6377,6377,6377,6377,6377,6377,6337
FRANCISCO BELTRÃO,89942,91093,79850,79850,79850,79850,79850,79850,79850,79850,80727
FREI ROGÉRIO,2436,2436,2399,2354,2301,2249,2197,2146,2077,2023,1970
GALVÃO,3414,3414,3452,3379,3297,3217,3137,3058,2956,2873,2791
GAROPABA,18520,18520,18890,20024,20545,21061,21573,22082,22568,23078,23579
GARUVA,15021,15021,15272,16081,16435,16786,17134,17479,17800,18145,18484
GASPAR,58869,58869,59728,62618,63826,65024,66213,67392,68465,69639,70793
GENERAL CARNEIRO,13735,13710,13652,13652,13652,13652,13652,13652,13652,13652,13635
GODOY MOREIRA,2996,2946,3299,3299,3299,3299,3299,3299,3299,3299,3262
GOIOERÊ,28962,28884,28962,28962,28962,28962,28962,28962,28962,28962,28908
GOIOXIM,7170,7111,7459,7459,7459,7459,7459,7459,7459,7459,7415
GOVERNADOR CELSO RAMOS,13107,13107,13211,13655,13801,13944,14087,14229,14333,14471,14606
GRANDES RIOS,5742,5618,6530,6530,6530,6530,6530,6530,6530,6530,6438
GRÃO PARÁ,6246,6246,6268,6418,6448,6478,6507,6537,6542,6569,6595
GRAVATAL,10698,10698,10758,11064,11148,11231,11313,11394,11423,11501,11577
GUABIRUBA,18849,18849,19254,20474,21046,21612,22174,22732,23272,23832,24382
GUAÍRA,32923,33119,30861,30861,30861,30861,30861,30861,30861,30861,31013
GUAIRAÇÁ,6553,6581,6220,6220,6220,6220,6220,6220,6220,6220,6243
GUAMIRANGA,8664,8739,7959,7959,7959,7959,7959,7959,7959,7959,8016
GUAPIRAMA,3820,3802,3878,3878,3878,3878,3878,3878,3878,3878,3865
GUAPOREMA,2246,2243,2225,2225,2225,2225,2225,2225,2225,2225,2223
GUARACI,5473,5502,5159,5159,5159,5159,5159,5159,5159,5159,5181
GUARACIABA,10457,10457,10417,10492,10433,10374,10316,10259,10154,10090,10026
GUARAMIRIM,35918,35918,36640,38851,39869,40878,41879,42872,43822,44819,45797
GUARANIAÇU,12733,12472,14381,14381,14381,14381,14381,14381,14381,14381,14187
GUARAPUAVA,180334,181504,168349,168349,168349,168349,168349,168349,168349,168349,169252
GUARAQUEÇABA,7679,7636,7839,7839,7839,7839,7839,7839,7839,7839,7809
GUARATUBA,36595,37067,32467,32467,32467,32467,32467,32467,32467,32467,32826
GUARUJÁ DO SUL,4925,4925,4941,5054,5076,5097,5118,5139,5141,5160,5178
GUATAMBÚ,4678,4678,4676,4746,4743,4739,4736,4733,4710,4704,4698
HERVAL D'OESTE,21331,21331,21420,21961,22083,22204,22324,22443,22495,22606,22714
HONÓRIO SERPA,5305,5211,5883,5883,5883,5883,5883,5883,5883,5883,5813
IBAITI,31142,31364,28928,28928,28928,28928,28928,28928,28928,28928,29099
IBEMA,6334,6352,6081,6081,6081,6081,6081,6081,6081,6081,6096
IBIAM,1945,1945,1944,1973,1971,1970,1968,1967,1959,1957,1954
IBICARÉ,3357,3357,3341,3359,3336,3313,3290,3268,3227,3202,3178
IBIPORÃ,53970,54558,48662,48662,48662,48662,48662,48662,48662,48662,49111
IBIRAMA,17448,17448,17561,18097,18255,18412,18567,18721,18802,18950,19096
IÇARA,59616,59616,49238,51416,52284,53145,53998,54845,55581,56421,57247
ICARAÍMA,8025,7904,8747,8747,8747,8747,8747,8747,8747,8747,8657
IGUARAÇU,4366,4404,4012,4012,4012,4012,4012,4012,4012,4012,4040
IGUATU,2258,2256,2233,2233,2233,2233,2233,2233,2233,2233,2231
ILHOTA,12492,12492,12624,13124,13309,13493,13676,13857,14005,14184,14359
IMARUÍ,11540,11540,11411,11301,11117,10933,10752,10571,10326,10135,9948
IMBAÚ,12936,13111,11413,11413,11413,11413,11413,11413,11413,11413,11546
IMBITUBA,40514,40514,40845,42244,42708,43168,43624,44076,44412,44853,45286
IMBITUVA,32179,32564,28759,28759,28759,28759,28759,28759,28759,28759,29053
IMBUIA,5743,5743,5777,5946,5993,6040,6087,6133,6153,6197,6241
INÁCIO MARTINS,11129,11125,10942,10942,10942,10942,10942,10942,10942,10942,10940
INAJÁ,3103,3109,2994,2994,2994,2994,2994,2994,2994,2994,3000
INDAIAL,55980,55980,57068,60433,61968,63489,65000,66497,67923,69425,70900
INDIANÓPOLIS,4449,4457,4306,4306,4306,4306,4306,4306,4306,4306,4313
IOMERÊ,2754,2754,2768,2842,2861,2880,2899,2917,2927,2945,2962
IPIRA,4725,4725,4699,4713,4675,4637,4599,4562,4486,4446,4406
IPIRANGA,15092,15172,14215,14215,14215,14215,14215,14215,14215,14215,14278
IPORÃ,14073,13926,14869,14869,14869,14869,14869,14869,14869,14869,14760
IPORÃ DO OESTE,8450,8450,8490,8714,8769,8823,8876,8930,8945,8996,9045
IPUAÇU,6850,6850,6901,7123,7193,7262,7331,7400,7448,7514,7579
IPUMIRIM,7245,7245,7268,7435,7467,7499,7530,7561,7565,7593,7620
IRACEMA DO OESTE,2325,2288,2550,2550,2550,2550,2550,2550,2550,2550,2522
IRACEMINHA,4227,4227,4202,4212,4175,4139,4103,4067,4015,3976,3938
IRANI,9595,9595,9656,9948,10033,10118,10202,10285,10339,10419,10498
IRATI,60357,62808,2067,2067,2046,2025,2004,1984,1952,58433,58699
IRETAMA,10241,10169,10568,10568,10568,10568,10568,10568,10568,10568,10515
IRINEÓPOLIS,10503,10503,10556,10843,10916,10989,11061,11133,11155,11222,11289
ITÁ,6401,6401,6375,6420,6383,6347,6311,6275,6209,6169,6129
ITAGUAJÉ,4487,4466,4553,4553,4553,4553,4553,4553,4553,4553,4538
ITAIÓPOLIS,20395,20395,20485,21015,21139,21263,21385,21506,21556,21669,21780
ITAIPULÂNDIA,10961,11176,9195,9195,9195,9195,9195,9195,9195,9195,9357
ITAJAÍ,186127,186127,188791,197809,201557,205271,208958,212615,215895,219536,223112
ITAMBARACÁ,6616,6582,6734,6734,6734,6734,6734,6734,6734,6734,6710
ITAMBÉ,6107,6108,5981,5981,5981,5981,5981,5981,5981,5981,5983
ITAPEJARA D'OESTE,11831,11964,10637,10637,10637,10637,10637,10637,10637,10637,10738
ITAPEMA,47327,47327,48807,52923,55016,57089,59147,61187,63250,65312,67338
ITAPERUÇU,28187,28634,24236,24236,24236,24236,24236,24236,24236,24236,24573
ITAPIRANGA,15518,15518,15623,16107,16253,16398,16541,16683,16736,16872,17007
ITAPOÁ,15218,15218,15658,16899,17521,18137,18749,19355,19963,20576,21177
ITAÚNA DO SUL,2951,2865,3517,3517,3517,3517,3517,3517,3517,3517,3453
ITUPORANGA,22462,22462,22667,23490,23777,24061,24343,24622,24812,25086,25355
IVAÍ,13791,13879,12886,12886,12886,12886,12886,12886,12886,12886,12954
IVAIPORÃ,32035,31984,31782,31782,31782,31782,31782,31782,31782,31782,31748
IVATÉ,8128,8185,7560,7560,7560,7560,7560,7560,7560,7560,7603
IVATUBA,3238,3259,3027,3027,3027,3027,3027,3027,3027,3027,3043
JABORÁ,4030,4030,4018,4057,4040,4023,4006,3990,3955,3936,3918
JABOTI,5244,5274,4926,4926,4926,4926,4926,4926,4926,4926,4950
JACAREZINHO,39435,39378,39083,39083,39083,39083,39083,39083,39083,39083,39045
JACINTO MACHADO,10585,10585,10562,10677,10642,10608,10573,10539,10457,10416,10376
JAGUAPITÃ,13494,13620,12325,12325,12325,12325,12325,12325,12325,12325,12421
JAGUARIAÍVA,34683,34857,32747,32747,32747,32747,32747,32747,32747,32747,32882
JAGUARUNA,17496,17496,17695,18425,18704,18980,19254,19527,19755,20024,20288
JANDAIA DO SUL,21122,21176,20315,20315,20315,20315,20315,20315,20315,20315,20359
JANIÓPOLIS,5400,5245,6413,6413,6413,6413,6413,6413,6413,6413,6298
JAPIRA,4995,4994,4904,4904,4904,4904,4904,4904,4904,4904,4904
JAPURÁ,9349,9425,8610,8610,8610,8610,8610,8610,8610,8610,8669
JARAGUÁ DO SUL,145782,145782,148353,156519,160143,163735,167300,170835,174158,177697,181173
JARDIM ALEGRE,11465,11328,12221,12221,12221,12221,12221,12221,12221,12221,12121
JARDIM OLINDA,1343,1331,1401,1401,1401,1401,1401,1401,1401,1401,1392
JARDINÓPOLIS,1749,1749,1732,1721,1697,1672,1649,1625,1595,1570,1546
JATAIZINHO,12536,12588,11918,11918,11918,11918,11918,11918,11918,11918,11958
JESUÍTAS,8495,8412,8938,8938,8938,8938,8938,8938,8938,8938,8876
JOAÇABA,27247,27247,27467,28398,28705,29008,29310,29608,29827,30118,30404
JOAQUIM TÁVORA,11803,11908,10819,10819,10819,10819,10819,10819,10819,10819,10899
JOINVILLE,520905,520905,526338,546981,554601,562151,569645,577077,583144,590466,597658
JOSÉ BOITEUX,4731,4731,4741,4837,4850,4862,4874,4887,4985,4997,5007
JUNDIAÍ DO SUL,3315,3292,3416,3416,3416,3416,3416,3416,3416,3416,3399
JUPIÁ,2143,2143,2138,2158,2150,2142,2134,2127,2110,2101,2092
JURANDA,7391,7340,7604,7604,7604,7604,7604,7604,7604,7604,7567
JUSSARA,6983,7013,6634,6634,6634,6634,6634,6634,6634,6634,6657
KALORÉ,4154,4100,4465,4465,4465,4465,4465,4465,4465,4465,4425
LACERDÓPOLIS,2201,2201,2203,2242,2244,2246,2249,2251,2245,2246,2247
LAGES,156665,156665,156604,158961,158846,158732,158620,158508,157743,157544,157349
LAGUNA,51869,51869,42750,43979,44316,44650,44982,45311,45500,45814,46122
LAJEADO GRANDE,1484,1484,1478,1488,1479,1470,1461,1453,1437,1427,1418
LAPA,47909,48163,45137,45137,45137,45137,45137,45137,45137,45137,45334
LARANJAL,5921,5852,6308,6308,6308,6308,6308,6308,6308,6308,6257
LARANJEIRAS DO SUL,32006,32073,30835,30835,30835,30835,30835,30835,30835,30835,30891
LAURENTINO,6077,6077,6147,6402,6500,6598,6694,6790,6875,6970,7063
LAURO MULLER,14426,14426,14483,14841,14919,14996,15073,15149,15174,15244,15313
LEBON RÉGIS,11850,11850,11862,12077,12091,12105,12119,12133,12099,12107,12115
LEOBERTO LEAL,3337,3337,3309,3298,3258,3218,3179,3140,3083,3041,3000
LEÓPOLIS,3984,3954,4123,4123,4123,4123,4123,4123,4123,4123,4101
LIDIANÓPOLIS,3391,3310,3911,3911,3911,3911,3911,3911,3911,3911,3851
LINDOESTE,4762,4676,5295,5295,5295,5295,5295,5295,5295,5295,5231
LINDÓIA DO SUL,4632,4632,4622,4674,4659,4644,4630,4615,4580,4563,4546
LOANDA,22927,23086,21328,21328,21328,21328,21328,21328,21328,21328,21451
LOBATO,4755,4787,4427,4427,4427,4427,4427,4427,4427,4427,4452
LONDRINA,563943,569733,511279,511279,511279,511279,511279,511279,511279,511279,515707
LONTRAS,10387,10387,10526,11005,11200,11393,11584,11774,11942,12130,12315
LUIZ ALVES,10628,10628,10811,11395,11653,11908,12162,12413,12609,12859,13107
LUIZIANA,7285,7262,7298,7298,7298,7298,7298,7298,7298,7298,7282
LUNARDELLI,4845,4794,5122,5122,5122,5122,5122,5122,5122,5122,5084
LUPIONÓPOLIS,4894,4920,4613,4613,4613,4613,4613,4613,4613,4613,4633
LUZERNA,5603,5603,5605,5698,5700,5701,5703,5705,5686,5685,5684
MACIEIRA,1821,1821,1815,1831,1823,1815,1807,1799,1784,1775,1766
MAFRA,53141,53141,53361,54708,55012,55313,55611,55907,56017,56292,56561
MAJOR GERCINO,3290,3290,3300,3375,3389,3402,3416,3429,3430,3442,3454
MAJOR VIEIRA,7523,7523,7566,7782,7841,7899,7957,8015,8048,8103,8156
MALLET,13595,13630,13002,13002,13002,13002,13002,13002,13002,13002,13030
MAMBORÊ,13252,13132,13870,13870,13870,13870,13870,13870,13870,13870,13781
MANDAGUAÇU,22531,22819,20008,20008,20008,20008,20008,20008,20008,20008,20227
MANDAGUARI,34281,34400,32755,32755,32755,32755,32755,32755,32755,32755,32849
MANDIRITUBA,26411,26869,22580,22580,22580,22580,22580,22580,22580,22580,22927
MANFRINÓPOLIS,2639,2571,3076,3076,3076,3076,3076,3076,3076,3076,3026
MANGUEIRINHA,16787,16714,16994,16994,16994,16994,16994,16994,16994,16994,16941
MANOEL RIBAS,13494,13502,13177,13177,13177,13177,13177,13177,13177,13177,13185
MARACAJÁ,6471,6471,6535,6784,6873,6963,7051,7139,7207,7293,7378
MARAVILHA,22376,22376,22642,23602,23975,24345,24712,25076,25403,25762,26116
MARECHAL CÂNDIDO RONDON,52379,52944,47266,47266,47266,47266,47266,47266,47266,47266,47697
MAREMA,2169,2169,2136,2094,2046,1999,1952,1906,1846,1797,1750
MARIA HELENA,5720,5677,5924,5924,5924,5924,5924,5924,5924,5924,5892
MARIALVA,35180,35496,32209,32209,32209,32209,32209,32209,32209,32209,32451
MARILÂNDIA DO SUL,8858,8836,8848,8848,8848,8848,8848,8848,8848,8848,8832
MARILENA,7067,7076,6866,6866,6866,6866,6866,6866,6866,6866,6874
MARILUZ,10354,10345,10219,10219,10219,10219,10219,10219,10219,10219,10214
MARINGÁ,417010,423666,362329,362329,362329,362329,362329,362329,362329,362329,367410
MARIÓPOLIS,6586,6610,6288,6288,6288,6288,6288,6288,6288,6288,6306
MARIPÁ,5624,5603,5669,5669,5669,5669,5669,5669,5669,5669,5654
MARMELEIRO,14346,14367,13919,13919,13919,13919,13919,13919,13919,13919,13936
MARQUINHO,4472,4405,4929,4929,4929,4929,4929,4929,4929,4929,4879
MARUMBI,4681,4679,4603,4603,4603,4603,4603,4603,4603,4603,4602
MASSARANDUBA,14837,14837,14993,15586,15806,16024,16240,16455,16704,16916,17125
MATELÂNDIA,17775,17943,16212,16212,16212,16212,16212,16212,16212,16212,16340
MATINHOS,34207,34720,29831,29831,29831,29831,29831,29831,29831,29831,30220
MATO RICO,3340,3272,3766,3766,3766,3766,3766,3766,3766,3766,3716
MATOS COSTA,2811,2811,2784,2767,2729,2690,2652,2614,2560,2520,2480
MAUÁ DA SERRA,10397,10601,8715,8715,8715,8715,8715,8715,8715,8715,8870
MEDIANEIRA,45812,46198,42124,42124,42124,42124,42124,42124,42124,42124,42420
MELEIRO,6994,6994,6988,7085,7076,7066,7056,7047,7028,7015,7001
MERCEDES,5493,5536,5080,5080,5080,5080,5080,5080,5080,5080,5113
MIRADOR,2231,2213,2314,2314,2314,2314,2314,2314,2314,2314,2301
MIRASELVA,1816,1806,1855,1855,1855,1855,1855,1855,1855,1855,1848
MIRIM DOCE,2495,2495,2477,2476,2450,2424,2399,2374,2336,2309,2283
MISSAL,10700,10702,10478,10478,10478,10478,10478,10478,10478,10478,10481
MODELO,4054,4054,4063,4147,4158,4169,4181,4192,4200,4209,4218
MONDAÍ,10347,10347,10458,10877,11034,11189,11343,11496,11592,11742,11889
MONTE CARLO,9347,9347,9381,9604,9650,9695,9740,9785,9824,9866,9906
MONTE CASTELO,8346,8346,8346,8478,8476,8475,8473,8471,8280,8275,8269
MOREIRA SALES,12201,12121,12546,12546,12546,12546,12546,12546,12546,12546,12487
MORRETES,16366,16406,15753,15753,15753,15753,15753,15753,15753,15753,15785
MORRO DA FUMAÇA,16247,16247,16364,16888,17052,17213,17373,17532,17642,17796,17947
MORRO GRANDE,2888,2888,2886,2928,2925,2921,2918,2915,2898,2893,2888
MUNHOZ DE MELO,3958,3984,3693,3693,3693,3693,3693,3693,3693,3693,3713
NAVEGANTES,62187,62187,63764,68337,70565,72772,74964,77137,79285,81475,83626
NOSSA SENHORA DAS GRAÇAS,4008,4008,3929,3929,3929,3929,3929,3929,3929,3929,3930
NOVA ALIANÇA DO IVAÍ,1534,1543,1439,1439,1439,1439,1439,1439,1439,1439,1446
NOVA AMÉRICA DA COLINA,3456,3445,3470,3470,3470,3470,3470,3470,3470,3470,3462
NOVA AURORA,10650,10472,11730,11730,11730,11730,11730,11730,11730,11730,11598
NOVA CANTU,5550,5302,7234,7234,7234,7234,7234,7234,7234,7234,7050
NOVA ERECHIM,4332,4332,4386,4577,4654,4729,4804,4879,4945,5019,5092
NOVA ESPERANÇA,27821,27904,26684,26684,26684,26684,26684,26684,26684,26684,26749
NOVA ESPERANÇA DO SUDOESTE,5063,5046,5086,5086,5086,5086,5086,5086,5086,5086,5074
NOVA FÁTIMA,8170,8153,8135,8135,8135,8135,8135,8135,8135,8135,8124
NOVA ITABERABA,4268,4268,4269,4338,4338,4339,4339,4339,4333,4331,4329
NOVA LARANJEIRAS,11603,11554,11206,11206,11206,11206,11206,11206,11206,11206,11690
NOVA LONDRINA,13225,13213,13060,13060,13060,13060,13060,13060,13060,13060,13052
NOVA OLÍMPIA,5785,5806,5521,5521,5521,5521,5521,5521,5521,5521,5537
NOVA PRATA DO IGUAÇU,10552,10548,10376,10376,10376,10376,10376,10376,10376,10376,10374
NOVA SANTA BÁRBARA,4220,4249,3931,3931,3931,3931,3931,3931,3931,3931,3953
NOVA SANTA ROSA,8171,8219,7665,7665,7665,7665,7665,7665,7665,7665,7702
NOVA TEBAS,5856,5649,7239,7239,7239,7239,7239,7239,7239,7239,7085
NOVA TRENTO,12370,12370,12544,13135,13379,13621,13861,14099,14312,14549,14782
NOVA VENEZA,13448,13448,13581,14098,14285,14470,14654,14837,14987,15166,15342
NOVO HORIZONTE,2724,2724,2697,2681,2643,2606,2569,2532,2481,2442,2404
NOVO ITACOLOMI,2848,2844,2825,2825,2825,2825,2825,2825,2825,2825,2822
ORLEANS,21498,21498,21599,22171,22311,22449,22587,22723,22785,22912,23038
ORTIGUEIRA,22327,22141,23240,23240,23240,23240,23240,23240,23240,23240,23103
OTACÍLIO COSTA,16517,16517,16691,17349,17593,17835,18075,18313,18510,18744,18975
OURIZONA,3430,3428,3379,3379,3379,3379,3379,3379,3379,3379,3378
OURO,7360,7360,7348,7436,7418,7399,7381,7363,7317,7295,7272
OURO VERDE,2265,2265,2259,2281,2272,2263,2254,2245,2227,2217,2207
OURO VERDE DO OESTE,5975,5996,5709,5709,5709,5709,5709,5709,5709,5709,5726
PAIAL,1741,1741,1720,1698,1668,1637,1607,1577,1537,1505,1474
PAIÇANDU,40777,41281,36333,36333,36333,36333,36333,36333,36333,36333,36717
PAINEL,2352,2352,2351,2385,2383,2381,2378,2376,2363,2359,2356
PALHOÇA,139990,139990,142558,150623,154244,157833,161395,164926,168259,171797,175272
PALMA SOLA,7732,7732,7699,7747,7699,7652,7604,7558,7475,7423,7372
PALMAS,50198,50986,43508,43508,43508,43508,43508,43508,43508,43508,44107
PALMEIRA,33757,36269,2410,2488,2512,2537,2562,2586,2603,34859,34976
PALMITAL,13389,13172,14699,14699,14699,14699,14699,14699,14699,14699,14538
PALMITOS,16019,16019,16018,16270,16266,16262,16257,16253,16182,16169,16157
PALOTINA,31564,31846,28907,28907,28907,28907,28907,28907,28907,28907,29123
PAPANDUVA,18013,18013,18096,18568,18681,18793,18905,19015,19218,19320,19422
PARAÍSO,4026,4026,3972,3915,3838,3763,3688,3613,3515,3437,3360
PARAÍSO DO NORTE,13631,13830,11929,11929,11929,11929,11929,11929,11929,11929,12079
PARANACITY,11361,11472,10338,10338,10338,10338,10338,10338,10338,10338,10423
PARANAGUÁ,153666,154936,141477,141477,141477,141477,141477,141477,141477,141477,142452
PARANAPOEMA,3164,3203,2822,2822,2822,2822,2822,2822,2822,2822,2852
PARANAVAÍ,87813,88374,82039,82039,82039,82039,82039,82039,82039,82039,82472
PASSO DE TORRES,6798,6798,6964,7447,7681,7912,8142,8370,8594,8823,9048
PASSOS MAIA,4400,4400,4374,4387,4351,4314,4279,4243,4186,4147,4109
PATO BRAGADO,5535,5610,4882,4882,4882,4882,4882,4882,4882,4882,4939
PATO BRANCO,81893,82881,73148,73148,73148,73148,73148,73148,73148,73148,73901
PAULA FREITAS,5837,5873,5463,5463,5463,5463,5463,5463,5463,5463,5491
PAULO FRONTIN,7321,7354,6940,6940,6940,6940,6940,6940,6940,6940,6966
PAULO LOPES,6751,6751,6808,7045,7124,7203,7282,7360,7418,7494,7569
PEABIRU,13985,13996,13635,13635,13635,13635,13635,13635,13635,13635,13645
PEDRAS GRANDES,4093,4093,4078,4110,4089,4068,4047,4026,4000,3976,3953
PENHA,25714,25714,26268,27936,28718,29493,30262,31025,31764,32531,33284
PERITIBA,2970,2970,2952,2958,2931,2906,2880,2855,2814,2787,2760
PEROBAL,6092,6127,5681,5681,5681,5681,5681,5681,5681,5681,5708
PÉROLA,11144,11234,10280,10280,10280,10280,10280,10280,10280,10280,10348
PÉROLA D'OESTE,6407,6347,6716,6716,6716,6716,6716,6716,6716,6716,6672
PESCARIA BRAVA,9416,9416,9416,9687,9761,9835,9908,9980,10022,10091,10159
PETROLÂNDIA,6110,6110,6090,6140,6110,6080,6051,6021,5971,5937,5905
PIÊN,12606,12746,11347,11347,11347,11347,11347,11347,11347,11347,11454
PINHAIS,130789,132157,118334,118334,118334,118334,118334,118334,118334,118334,119379
PINHAL DE SÃO BENTO,2725,2731,2630,2630,2630,2630,2630,2630,2630,2630,2635
PINHALÃO,6327,6326,6215,6215,6215,6215,6215,6215,6215,6215,6215
PINHALZINHO,16638,16638,16933,17868,18284,18696,19105,19511,19906,20313,20712
PINHÃO,32219,32391,30347,30347,30347,30347,30347,30347,30347,30347,30480
PINHEIRO PRETO,3180,3180,3190,3310,3353,3396,3438,3480,3513,3555,3596
PIRAÍ DO SUL,25291,25463,23561,23561,23561,23561,23561,23561,23561,23561,23693
PIRAQUARA,111052,113036,94518,94518,94518,94518,94518,94518,94518,94518,96023
PIRATUBA,4708,4708,4632,4533,4424,4316,4209,4102,3965,3854,3745
PITANGA,30635,30310,32391,32391,32391,32391,32391,32391,32391,32391,32152
PITANGUEIRAS,3185,3224,2845,2845,2845,2845,2845,2845,2845,2845,2874
PLANALTINA DO PARANÁ,4254,4263,4103,4103,4103,4103,4103,4103,4103,4103,4111
PLANALTO,13528,13479,13619,13619,13619,13619,13619,13619,13619,13619,13584
PLANALTO ALEGRE,2670,2670,2685,2761,2782,2803,2823,2844,2850,2870,2888
POMERODE,28192,28192,28610,30009,30598,31181,31760,32334,32874,33447,34010
PONTA GROSSA,348043,351736,314518,314518,314518,314518,314518,314518,314518,314518,317339
PONTAL DO PARANÁ,26636,27284,21427,21427,21427,21427,21427,21427,21427,21427,21917
PONTE ALTA,4873,4873,4853,4885,4855,4825,4796,4767,4714,4682,4650
PONTE ALTA DO NORTE,3310,3310,3316,3381,3389,3397,3405,3413,3408,3414,3420
PONTE SERRADA,11068,11068,11102,11358,11405,11452,11499,11545,11552,11593,11634
PORECATU,13084,12914,14060,14060,14060,14060,14060,14060,14060,14060,13934
PORTO AMAZONAS,4821,4848,4536,4536,4536,4536,4536,4536,4536,4536,4556
PORTO BARREIRO,3292,3237,3622,3622,3622,3622,3622,3622,3622,3622,3582
PORTO BELO,16496,16496,16896,18066,18630,19189,19744,20294,20834,21388,21932
PORTO RICO,2561,2559,2529,2529,2529,2529,2529,2529,2529,2529,2527
PORTO UNIÃO,33619,33619,33740,34551,34717,34882,35045,35207,35250,35398,35543
PORTO VITÓRIA,4068,4065,4018,4018,4018,4018,4018,4018,4018,4018,4016
POUSO REDONDO,15011,15011,15204,15882,16154,16424,16692,16957,17189,17453,17712
PRADO FERREIRA,3726,3753,3456,3456,3456,3456,3456,3456,3456,3456,3477
PRAIA GRANDE,7266,7266,7265,7377,7374,7370,7367,7364,7326,7319,7312
PRANCHITA,5221,5157,5580,5580,5580,5580,5580,5580,5580,5580,5533
PRESIDENTE CASTELLO BRANCO,1711,1711,1697,1691,1670,1650,1630,1610,1590,1568,1547
PRESIDENTE CASTELO BRANCO,5260,5306,4821,4821,4821,4821,4821,4821,4821,4821,4857
PRESIDENTE GETÚLIO,15084,15084,15273,15943,16210,16474,16736,16996,17215,17471,17726
PRESIDENTE NEREU,2283,2283,2281,2314,2312,2309,2306,2304,2290,2287,2283
PRIMEIRO DE MAIO,11114,11123,10840,10840,10840,10840,10840,10840,10840,10840,10848
PRINCESA,2770,2770,2780,2848,2862,2877,2891,2906,2911,2924,2937
PRUDENTÓPOLIS,51961,52241,48933,48933,48933,48933,48933,48933,48933,48933,49150
QUARTO CENTENÁRIO,4560,4512,4820,4820,4820,4820,4820,4820,4820,4820,4784
QUATIGUÁ,7420,7449,7069,7069,7069,7069,7069,7069,7069,7069,7091
QUATRO BARRAS,23199,23559,20135,20135,20135,20135,20135,20135,20135,20135,20409
QUATRO PONTES,4000,4015,3816,3816,3816,3816,3816,3816,3816,3816,3827
QUEDAS DO IGUAÇU,33788,34103,30854,30854,30854,30854,30854,30854,30854,30854,31095
QUERÊNCIA DO NORTE,12180,12206,11752,11752,11752,11752,11752,11752,11752,11752,11773
QUILOMBO,10211,10211,10175,10255,10201,10149,10096,10044,9946,9887,9829
QUINTA DO SOL,4640,4573,5037,5037,5037,5037,5037,5037,5037,5037,4987
QUITANDINHA,18873,19049,17229,17229,17229,17229,17229,17229,17229,17229,17364
RAMILÂNDIA,4426,4451,4155,4155,4155,4155,4155,4155,4155,4155,4175
RANCHO ALEGRE,3832,3808,3937,3937,3937,3937,3937,3937,3937,3937,3919
RANCHO ALEGRE D'OESTE,2682,2655,2827,2827,2827,2827,2827,2827,2827,2827,2807
RANCHO QUEIMADO,2757,2757,2765,2827,2838,2849,2860,2871,2868,2878,2887
REALEZA,16894,16922,16363,16363,16363,16363,16363,16363,16363,16363,16386
REBOUÇAS,14851,14899,14216,14216,14216,14216,14216,14216,14216,14216,14254
RENASCENÇA,6818,6802,6801,6801,6801,6801,6801,6801,6801,6801,6790
RESERVA,26602,26715,25264,25264,25264,25264,25264,25264,25264,25264,25353
RESERVA DO IGUAÇU,7950,8010,7356,7356,7356,7356,7356,7356,7356,7356,7402
RIBEIRÃO CLARO,10693,10668,10661,10661,10661,10661,10661,10661,10661,10661,10645
RIBEIRÃO DO PINHAL,13112,13029,13462,13462,13462,13462,13462,13462,13462,13462,13401
RIO AZUL,15134,15236,14176,14176,14176,14176,14176,14176,14176,14176,14255
RIO BOM,3225,3203,3318,3318,3318,3318,3318,3318,3318,3318,3302
RIO BONITO DO IGUAÇU,13283,13269,13652,13652,13652,13652,13652,13652,13652,13652,13125
RIO BRANCO DO IVAÍ,4083,4096,3909,3909,3909,3909,3909,3909,3909,3909,3920
RIO BRANCO DO SUL,32273,32397,30751,30751,30751,30751,30751,30751,30751,30751,30848
RIO DAS ANTAS,6145,6145,6146,6245,6245,6246,6246,6246,6208,6205,6202
RIO DO CAMPO,6167,6167,6143,6185,6149,6113,6078,6043,5979,5940,5902
RIO DO OESTE,7118,7118,7145,7319,7355,7392,7428,7463,7456,7489,7520
RIO DO SUL,61931,61931,62658,65256,66251,67237,68217,69188,70100,71061,72006
RIO DOS CEDROS,10388,10388,10488,10879,11019,11157,11295,11431,11542,11676,11808
RIO FORTUNA,4456,4456,4466,4557,4569,4582,4594,4606,4601,4611,4620
RIO NEGRINHO,40011,40011,40169,41167,41386,41602,41817,42029,42106,42302,42495
RIO NEGRO,33922,34170,31471,31471,31471,31471,31471,31471,31471,31471,31662
RIO RUFINO,2438,2438,2440,2482,2484,2485,2487,2489,2482,2483,2483
RIQUEZA,4813,4813,4789,4810,4775,4740,4705,4670,4636,4598,4561
RODEIO,10964,10964,11004,11270,11325,11380,11434,11488,11502,11551,11600
ROLÂNDIA,65757,66580,58511,58511,58511,58511,58511,58511,58511,58511,59139
ROMELÂNDIA,5479,5479,5494,5421,5320,5220,5120,5022,4890,4786,4684
RONCADOR,10058,9849,11377,11377,11377,11377,11377,11377,11377,11377,11221
RONDON,9534,9579,9025,9025,9025,9025,9025,9025,9025,9025,9060
ROSÁRIO DO IVAÍ,4886,4786,5512,5512,5512,5512,5512,5512,5512,5512,5438
SABÁUDIA,6760,6827,6149,6149,6149,6149,6149,6149,6149,6149,6200
SALETE,7386,7386,7402,7553,7573,7594,7614,7634,7626,7642,7659
SALGADO FILHO,3679,3580,4327,4327,4327,4327,4327,4327,4327,4327,4253
SALTINHO,3943,3943,3926,3948,3923,3897,3872,3847,3808,3781,3754
SALTO DO ITARARÉ,4973,4935,5150,5150,5150,5150,5150,5150,5150,5150,5122
SALTO DO LONTRA,14695,14785,13761,13761,13761,13761,13761,13761,13761,13761,13830
SALTO VELOSO,4332,4332,4361,4495,4536,4576,4616,4655,4680,4718,4756
SANGÃO,10575,10575,10744,11294,11532,11767,12001,12233,12446,12678,12905
SANTA AMÉLIA,3385,3324,3757,3757,3757,3757,3757,3757,3757,3757,3712
SANTA CECÍLIA,15831,15831,15902,16315,16413,16510,16606,16701,16741,16830,16918
SANTA CECÍLIA DO PAVÃO,3376,3334,3614,3614,3614,3614,3614,3614,3614,3614,3583
SANTA CRUZ DE MONTE CASTELO,7849,7800,8055,8055,8055,8055,8055,8055,8055,8055,8019
SANTA FÉ,11885,12037,10552,10552,10552,10552,10552,10552,10552,10552,10668
SANTA HELENA,26206,28857,2351,2354,2331,2309,2288,2266,2247,25861,26055
SANTA INÊS,1624,1596,1797,1797,1797,1797,1797,1797,1797,1797,1776
SANTA ISABEL DO IVAÍ,8603,8562,8730,8730,8730,8730,8730,8730,8730,8730,8701
SANTA IZABEL DO OESTE,14521,14659,13242,13242,13242,13242,13242,13242,13242,13242,13347
SANTA LÚCIA,3834,3813,3910,3910,3910,3910,3910,3910,3910,3910,3895
SANTA MARIA DO OESTE,9824,9615,11336,11336,11336,11336,11336,11336,11336,11336,11178
SANTA MARIANA,11829,11724,12356,12356,12356,12356,12356,12356,12356,12356,12279
SANTA MÔNICA,3944,3981,3601,3601,3601,3601,3601,3601,3601,3601,3629
SANTA ROSA DE LIMA,2070,2070,2074,2116,2122,2128,2133,2139,2137,2142,2147
SANTA ROSA DO SUL,8073,8073,8091,8261,8285,8309,8333,8356,8338,8358,8378
SANTA TEREZA DO OESTE,10182,10139,10300,10300,10300,10300,10300,10300,10300,10300,10269
SANTA TEREZINHA,8762,8762,8756,8883,8873,8864,8855,8846,8801,8787,8773
SANTA TEREZINHA DE ITAIPU,23224,23465,21031,21031,21031,21031,21031,21031,21031,21031,21215
SANTA TEREZINHA DO PROGRESSO,2857,2857,2818,2776,2720,2666,2611,2557,2484,2428,2372
SANTANA DO ITARARÉ,5031,4992,5220,5220,5220,5220,5220,5220,5220,5220,5191
SANTIAGO DO SUL,1448,1448,1431,1414,1389,1365,1341,1317,1286,1260,1235
SANTO AMARO DA IMPERATRIZ,20082,20082,20332,21221,21572,21920,22266,22609,22905,23245,23579
SANTO ANTÔNIO DA PLATINA,45728,45993,42920,42920,42920,42920,42920,42920,42920,42920,43125
SANTO ANTÔNIO DO CAIUÁ,2656,2641,2716,2716,2716,2716,2716,2716,2716,2716,2705
SANTO ANTÔNIO DO PARAÍSO,2144,2106,2379,2379,2379,2379,2379,2379,2379,2379,2351
SANTO ANTÔNIO DO SUDOESTE,20069,20166,18972,18972,18972,18972,18972,18972,18972,18972,19048
SANTO INÁCIO,5431,5438,5276,5276,5276,5276,5276,5276,5276,5276,5282
SÃO BENTO DO SUL,75520,75520,76215,78998,79971,80936,81893,82842,83576,84507,85421
SÃO BERNARDINO,2642,2642,2676,2641,2593,2545,2496,2449,2386,2336,2287
SÃO BONIFÁCIO,2992,2992,2977,2989,2966,2944,2922,2899,2862,2838,2814
SÃO CARLOS,10363,10363,10431,10753,10849,10944,11038,11132,11191,11281,11369
SÃO CARLOS DO IVAÍ,6834,6878,6389,6389,6389,6389,6389,6389,6389,6389,6422
SÃO CRISTOVÃO DO SUL,5051,5051,5089,5255,5308,5360,5412,5464,5499,5549,5598
SÃO DOMINGOS,9488,9488,9389,9530,9523,9516,9509,9502,9457,9445,9434
SÃO FRANCISCO DO SUL,43305,43305,44064,46477,47547,48606,49658,50701,51677,52721,53746
SÃO JERÔNIMO DA SERRA,11213,11170,11306,11306,11306,11306,11306,11306,11306,11306,11275
SÃO JOÃO,10303,10241,10553,10553,10553,10553,10553,10553,10553,10553,10508
SÃO JOÃO BATISTA,27135,27135,27982,30337,31534,32720,33897,35065,36244,37424,38583
SÃO JOÃO DO CAIUÁ,5874,5855,5898,5898,5898,5898,5898,5898,5898,5898,5884
SÃO JOÃO DO ITAPERIÚ,3457,3457,3477,3578,3606,3634,3662,3690,3707,3733,3759
SÃO JOÃO DO IVAÍ,10386,10219,11397,11397,11397,11397,11397,11397,11397,11397,11273
SÃO JOÃO DO OESTE,6055,6055,6074,6211,6235,6260,6285,6309,6359,6381,6402
SÃO JOÃO DO SUL,7019,7019,7035,7183,7205,7226,7247,7268,7280,7297,7315
SÃO JOÃO DO TRIUNFO,14996,15120,13803,13803,13803,13803,13803,13803,13803,13803,13899
SÃO JOAQUIM,24964,24964,25111,25841,26045,26247,26447,26646,26763,26952,27139
SÃO JORGE D'OESTE,9074,9050,9068,9068,9068,9068,9068,9068,9068,9068,9052
SÃO JORGE DO IVAÍ,5559,5551,5512,5512,5512,5512,5512,5512,5512,5512,5506
SÃO JORGE DO PATROCÍNIO,5698,5641,5998,5998,5998,5998,5998,5998,5998,5998,5956
SÃO JOSÉ,212587,212587,215278,224779,228561,232309,236029,239718,242927,246586,250181
SÃO JOSÉ DA BOA VISTA,6254,6206,6476,6476,6476,6476,6476,6476,6476,6476,6441
SÃO JOSÉ DAS PALMEIRAS,3682,3654,3810,3810,3810,3810,3810,3810,3810,3810,3789
SÃO JOSÉ DO CEDRO,13685,13685,13685,13904,13902,13901,13899,13897,13838,13829,13820
SÃO JOSÉ DO CERRITO,9188,9188,9104,9061,8941,8823,8705,8588,8421,8295,8173
SÃO JOSÉ DOS PINHAIS,317476,323340,268808,268808,268808,268808,268808,268808,268808,268808,273255
SÃO LOURENÇO DO OESTE,21964,21964,22062,22786,23017,23245,23473,23698,23857,24076,24291
SÃO LUDGERO,11178,11178,11357,11940,12192,12441,12688,12934,13165,13410,13650
SÃO MANOEL DO PARANÁ,2158,2160,2100,2100,2100,2100,2100,2100,2100,2100,2102
SÃO MARTINHO,3205,3205,3200,3239,3232,3224,3217,3210,3189,3180,3171
SÃO MATEUS DO SUL,45806,46261,41617,41617,41617,41617,41617,41617,41617,41617,41965
SÃO MIGUEL DA BOA VISTA,1896,1896,1887,1897,1885,1872,1860,1848,1833,1820,1807
SÃO MIGUEL DO IGUAÇU,27325,27452,25872,25872,25872,25872,25872,25872,25872,25872,25971
SÃO MIGUEL DO OESTE,36612,36612,36908,38162,38575,38984,39390,39793,40090,40482,40868
SÃO PEDRO DE ALCÂNTARA,4790,4790,4874,5139,5256,5373,5488,5602,5709,5823,5935
SÃO PEDRO DO IGUAÇU,5976,5897,6431,6431,6431,6431,6431,6431,6431,6431,6373
SÃO PEDRO DO IVAÍ,10915,10981,10221,10221,10221,10221,10221,10221,10221,10221,10272
SÃO PEDRO DO PARANÁ,2338,2313,2473,2473,2473,2473,2473,2473,2473,2473,2454
SÃO SEBASTIÃO DA AMOREIRA,8847,8853,8632,8632,8632,8632,8632,8632,8632,8632,8638
SÃO TOMÉ,5693,5722,5373,5373,5373,5373,5373,5373,5373,5373,5395
SAPOPEMA,6751,6736,6726,6726,6726,6726,6726,6726,6726,6726,6716
SARANDI,95543,96688,83724,83724,83724,83724,83724,83724,83724,83724,84573
SAUDADE DO IGUAÇU,5459,5500,5061,5061,5061,5061,5061,5061,5061,5061,5092
SAUDADES,9070,9070,9121,9382,9454,9524,9594,9664,9679,9745,9810
SCHROEDER,15790,15790,16248,17538,18186,18827,19463,20095,20728,21365,21991
SEARA,16971,16971,17005,17351,17395,17439,17483,17526,17506,17541,17576
SENGÉS,19267,19327,18463,18463,18463,18463,18463,18463,18463,18463,18511
SERRA ALTA,3282,3282,3279,3323,3317,3312,3307,3301,3270,3263,3256
SERRANÓPOLIS DO IGUAÇU,4513,4495,4555,4555,4555,4555,4555,4555,4555,4555,4543
SERTANEJA,5355,5284,5763,5763,5763,5763,5763,5763,5763,5763,5711
SERTANÓPOLIS,16323,16369,15676,15676,15676,15676,15676,15676,15676,15676,15713
SIDERÓPOLIS,13069,13069,13137,13499,13593,13686,13778,13870,13920,14007,14092
SIQUEIRA CAMPOS,20778,21016,18643,18643,18643,18643,18643,18643,18643,18643,18825
SOMBRIO,26894,26894,27165,28209,28589,28966,29340,29710,30010,30374,30733
SUL BRASIL,2740,2740,2714,2698,2661,2624,2587,2551,2500,2461,2423
SULINA,3033,2981,3354,3354,3354,3354,3354,3354,3354,3354,3315
TAIÓ,17337,17337,17412,17856,17959,18060,18161,18261,18302,18395,18486
TAMARANA,14548,14797,12458,12458,12458,12458,12458,12458,12458,12458,12647
TAMBOARA,5080,5120,4696,4696,4696,4696,4696,4696,4696,4696,4726
TANGARÁ,8668,8668,8653,8777,8767,8757,8748,8738,8691,8676,8662
TAPEJARA,16062,16205,14712,14712,14712,14712,14712,14712,14712,14712,14822
TAPIRA,5584,5539,5802,5802,5802,5802,5802,5802,5802,5802,5769
TEIXEIRA SOARES,12163,12367,10444,10444,10444,10444,10444,10444,10444,10444,10599
TELÊMACO BORBA,78135,78974,70535,70535,70535,70535,70535,70535,70535,70535,71176
TERRA BOA,16984,17094,15864,15864,15864,15864,15864,15864,15864,15864,15948
TERRA RICA,16652,16789,15331,15331,15331,15331,15331,15331,15331,15331,15437
TERRA ROXA,17439,17481,16795,16795,16795,16795,16795,16795,16795,16795,16829
TIBAGI,20436,20522,19414,19414,19414,19414,19414,19414,19414,19414,19482
TIGRINHOS,1748,1748,1739,1746,1733,1720,1707,1695,1646,1633,1619
TIJUCAS,31533,31533,32087,33847,34628,35402,36170,36931,37645,38407,39155
TIJUCAS DO SUL,16646,16868,14712,14712,14712,14712,14712,14712,14712,14712,14881
TIMBÉ DO SUL,5307,5307,5306,5387,5385,5382,5379,5377,5354,5348,5343
TIMBÓ,37344,37344,37894,39740,40515,41283,42045,42801,43484,44238,44977
TIMBÓ GRANDE,7219,7219,7268,7495,7563,7632,7699,7767,7812,7877,7941
TOLEDO,138572,140635,120934,120934,120934,120934,120934,120934,120934,120934,122502
TOMAZINA,8032,7918,8704,8704,8704,8704,8704,8704,8704,8704,8619
TRÊS BARRAS,18207,18207,18281,18740,18843,18945,19046,19146,19183,19275,19366
TRÊS BARRAS DO PARANÁ,12043,12040,11825,11825,11825,11825,11825,11825,11825,11825,11825
TREVISO,3557,3557,3585,3706,3746,3785,3824,3863,3891,3929,3966
TREZE DE MAIO,6889,6889,6901,7036,7052,7067,7082,7098,7070,7081,7093
TREZE TÍLIAS,6457,6457,6568,6925,7082,7237,7392,7545,7687,7840,7991
TROMBUDO CENTRAL,6612,6612,6668,6901,6979,7057,7135,7211,7284,7360,7434
TUBARÃO,97833,97833,98412,101284,102087,102883,103674,104457,104937,105686,106422
TUNÁPOLIS,4622,4622,4612,4660,4644,4628,4612,4597,4561,4543,4525
TUNAS DO PARANÁ,8509,8769,6460,6460,6460,6460,6460,6460,6460,6460,6656
TUNEIRAS DO OESTE,8599,8566,8671,8671,8671,8671,8671,8671,8671,8671,8647
TUPÃSSI,8128,8124,7996,7996,7996,7996,7996,7996,7996,7996,7994
TURVO,13340,25144,12001,12353,12452,12551,12649,12746,12806,26616,26618
UBIRATÃ,21119,21013,21479,21479,21479,21479,21479,21479,21479,21479,21402
UMUARAMA,110590,111557,101443,101443,101443,101443,101443,101443,101443,101443,102184
UNIÃO DA VITÓRIA,57111,57517,53059,53059,53059,53059,53059,53059,53059,53059,53372
UNIÃO DO OESTE,2874,2874,2838,2802,2751,2700,2650,2600,2517,2464,2412
UNIFLOR,2595,2605,2474,2474,2474,2474,2474,2474,2474,2474,2482
URAÍ,11356,11314,11441,11441,11441,11441,11441,11441,11441,11441,11411
URUBICI,10734,10734,10767,11012,11058,11102,11147,11191,11195,11235,11273
URUPEMA,2479,2479,2476,2507,2502,2497,2492,2487,2472,2465,2459
URUSSANGA,20291,20291,20356,20826,20915,21003,21090,21177,21190,21268,21344
VARGEÃO,3533,3533,3533,3590,3590,3590,3590,3590,3575,3573,3571
VARGEM,2776,2776,2746,2718,2674,2630,2586,2543,2522,2477,2432
VARGEM BONITA,4765,4765,4738,4752,4713,4674,4635,4597,4534,4492,4451
VENTANIA,11703,11892,10106,10106,10106,10106,10106,10106,10106,10106,10249
VERA CRUZ DO OESTE,8590,8521,8921,8921,8921,8921,8921,8921,8921,8921,8871
VERÊ,7342,7257,7814,7814,7814,7814,7814,7814,7814,7814,7751
VIDAL RAMOS,6287,6287,6284,6377,6372,6366,6361,6356,6347,6338,6329
VIDEIRA,47618,47618,48064,49768,50349,50926,51499,52066,52510,53065,53610
VIRMOND,4023,4023,3951,3951,3951,3951,3951,3951,3951,3951,3951
VITOR MEIRELES,5184,5184,5160,5190,5156,5123,5089,5056,5014,4979,4943
VITORINO,6817,6838,6531,6531,6531,6531,6531,6531,6531,6531,6548
WENCESLAU BRAZ,19444,19414,19278,19278,19278,19278,19278,19278,19278,19278,19259
WITMARSUM,3627,3627,3653,3769,3805,3841,3876,3912,3932,3965,3998
XAMBRÊ,5728,5679,5975,5975,5975,5975,5975,5975,5975,5975,5939
XANXERÊ,44643,44643,45140,46981,47679,48370,49057,49738,50309,50982,51642
XAVANTINA,4122,4122,4103,4124,4095,4067,4039,4012,3963,3933,3903
XAXIM,25933,25933,26145,27039,27336,27630,27921,28210,28424,28706,28983
ZORTÉA,3019,3019,3046,3153,3190,3227,3264,3300,3328,3363,3398
