,Município,1991,2000,2007,2008,2009,2010,2011,2012,2013,2014,2015,2016,2017,2018,2019,2020,2021
0,Totais,10997465.0,11081692.0,11163018.0,11242720.0,11320892.0,11348937.0,17751011.0,6383286.0,6634254.0,6727148.0,6819190.0,6910553.0,7001161.0,7075494.0,7677137.0,7830257.0,7338473.0
1,ABATIÁ,7881.0,7852.0,7823.0,7795.0,7768.0,7507.0,7457.0,-1.0,-1.0,-1.0,-1.0,-1.0,-1.0,-1.0,7727.0,7690.0,-1.0
2,ABDON BATISTA,-1.0,-1.0,-1.0,-1.0,-1.0,-1.0,2644.0,2635.0,2656.0,2643.0,2630.0,2617.0,2604.0,2577.0,2563.0,2548.0,2534.0
3,ABELARDO LUZ,-1.0,-1.0,-1.0,-1.0,-1.0,-1.0,17151.0,17200.0,17584.0,17651.0,17717.0,17782.0,17847.0,17847.0,17904.0,17960.0,18015.0
4,ADRIANÓPOLIS,6416.0,6374.0,6333.0,6293.0,6254.0,5983.0,5919.0,-1.0,-1.0,-1.0,-1.0,-1.0,-1.0,-1.0,6328.0,6281.0,-1.0
5,AGROLÂNDIA,-1.0,-1.0,-1.0,-1.0,-1.0,-1.0,9440.0,9552.0,9957.0,10115.0,10272.0,10427.0,10581.0,10711.0,10864.0,11013.0,11160.0
6,AGRONÔMICA,-1.0,-1.0,-1.0,-1.0,-1.0,-1.0,4954.0,4985.0,5172.0,5239.0,5306.0,5371.0,5437.0,5385.0,5448.0,5509.0,5570.0
7,ÁGUA DOCE,-1.0,-1.0,-1.0,-1.0,-1.0,-1.0,6971.0,6979.0,7110.0,7121.0,7132.0,7143.0,7154.0,7138.0,7145.0,7152.0,7160.0
8,ÁGUAS DE CHAPECÓ,-1.0,-1.0,-1.0,-1.0,-1.0,-1.0,6136.0,6160.0,6313.0,6346.0,6379.0,6412.0,6445.0,6455.0,6486.0,6515.0,6544.0
9,ÁGUAS FRIAS,-1.0,-1.0,-1.0,-1.0,-1.0,-1.0,2417.0,2409.0,2430.0,2419.0,2408.0,2397.0,2387.0,2378.0,2366.0,2354.0,2341.0
10,ÁGUAS MORNAS,-1.0,-1.0,-1.0,-1.0,-1.0,-1.0,5618.0,5685.0,5926.0,6020.0,6113.0,6206.0,6298.0,6378.0,6469.0,6559.0,6646.0
11,AGUDOS DO SUL,8797.0,8892.0,8983.0,9073.0,9161.0,9269.0,9371.0,-1.0,-1.0,-1.0,-1.0,-1.0,-1.0,-1.0,8351.0,8429.0,-1.0
12,ALFREDO WAGNER,-1.0,-1.0,-1.0,-1.0,-1.0,-1.0,9453.0,9494.0,9737.0,9794.0,9850.0,9905.0,9960.0,9984.0,10036.0,10086.0,10136.0
13,ALMIRANTE TAMANDARÉ,110256.0,111586.0,112870.0,114129.0,115364.0,117168.0,118623.0,-1.0,-1.0,-1.0,-1.0,-1.0,-1.0,-1.0,104350.0,105458.0,-1.0
14,ALTAMIRA DO PARANÁ,3754.0,3544.0,3341.0,3143.0,2948.0,2209.0,1942.0,-1.0,-1.0,-1.0,-1.0,-1.0,-1.0,-1.0,4100.0,3900.0,-1.0
15,ALTO BELA VISTA,-1.0,-1.0,-1.0,-1.0,-1.0,-1.0,1998.0,1991.0,2007.0,1997.0,1987.0,1977.0,1967.0,1948.0,1937.0,1926.0,1915.0
16,ALTO PARAÍSO,3159.0,3116.0,3077.0,3037.0,2998.0,2799.0,2741.0,-1.0,-1.0,-1.0,-1.0,-1.0,-1.0,-1.0,3162.0,3119.0,-1.0
17,ALTO PARANÁ,14334.0,14427.0,14518.0,14606.0,14693.0,14679.0,14770.0,-1.0,-1.0,-1.0,-1.0,-1.0,-1.0,-1.0,13736.0,13806.0,-1.0
18,ALTO PIQUIRI,10350.0,10317.0,10285.0,10253.0,10222.0,9896.0,9836.0,-1.0,-1.0,-1.0,-1.0,-1.0,-1.0,-1.0,10135.0,10092.0,-1.0
19,ALTÔNIA,21489.0,21619.0,21744.0,21867.0,21988.0,21933.0,22056.0,-1.0,-1.0,-1.0,-1.0,-1.0,-1.0,-1.0,20615.0,20711.0,-1.0
20,ALVORADA DO SUL,10869.0,10965.0,11057.0,11148.0,11237.0,11306.0,11406.0,-1.0,-1.0,-1.0,-1.0,-1.0,-1.0,-1.0,10363.0,10439.0,-1.0
21,AMAPORÃ,5815.0,5885.0,5953.0,6019.0,6084.0,6181.0,6257.0,-1.0,-1.0,-1.0,-1.0,-1.0,-1.0,-1.0,5504.0,5562.0,-1.0
22,AMPÉRE,18281.0,18439.0,18591.0,18740.0,18886.0,18989.0,19152.0,-1.0,-1.0,-1.0,-1.0,-1.0,-1.0,-1.0,17438.0,17563.0,-1.0
23,ANAHY,2929.0,2922.0,2915.0,2908.0,2901.0,2816.0,2801.0,-1.0,-1.0,-1.0,-1.0,-1.0,-1.0,-1.0,2864.0,2854.0,-1.0
24,ANCHIETA,-1.0,-1.0,-1.0,-1.0,-1.0,-1.0,6323.0,6172.0,6145.0,6066.0,5987.0,5909.0,5832.0,5721.0,5638.0,5557.0,5477.0
25,ANDIRÁ,20988.0,20931.0,20876.0,20822.0,20769.0,20139.0,20031.0,-1.0,-1.0,-1.0,-1.0,-1.0,-1.0,-1.0,20530.0,20451.0,-1.0
26,ANGELINA,-1.0,-1.0,-1.0,-1.0,-1.0,-1.0,5210.0,5171.0,5166.0,5109.0,5053.0,4998.0,4943.0,4860.0,4801.0,4743.0,4686.0
27,ÂNGULO,2954.0,2959.0,2964.0,2969.0,2974.0,2927.0,2928.0,-1.0,-1.0,-1.0,-1.0,-1.0,-1.0,-1.0,2861.0,2862.0,-1.0
28,ANITA GARIBALDI,-1.0,-1.0,-1.0,-1.0,-1.0,-1.0,8497.0,8374.0,8230.0,8055.0,7881.0,7708.0,7537.0,7313.0,7133.0,6957.0,6783.0
29,ANITÁPOLIS,-1.0,-1.0,-1.0,-1.0,-1.0,-1.0,3213.0,3211.0,3259.0,3256.0,3253.0,3251.0,3248.0,3236.0,3232.0,3228.0,3223.0
30,ANTONINA,19412.0,19414.0,19416.0,19418.0,19420.0,19011.0,18980.0,-1.0,-1.0,-1.0,-1.0,-1.0,-1.0,-1.0,18870.0,18849.0,-1.0
31,ANTÔNIO CARLOS,-1.0,-1.0,-1.0,-1.0,-1.0,-1.0,7537.0,7613.0,7906.0,8012.0,8118.0,8223.0,8327.0,8411.0,8513.0,8613.0,8712.0
32,ANTÔNIO OLINTO,7567.0,7573.0,7578.0,7582.0,7587.0,7441.0,7434.0,-1.0,-1.0,-1.0,-1.0,-1.0,-1.0,-1.0,7347.0,7343.0,-1.0
33,APIÚNA,-1.0,-1.0,-1.0,-1.0,-1.0,-1.0,9683.0,9764.0,10099.0,10211.0,10322.0,10432.0,10542.0,10636.0,10743.0,10848.0,10951.0
34,APUCARANA,128058.0,129265.0,130430.0,131571.0,132691.0,133726.0,134996.0,-1.0,-1.0,-1.0,-1.0,-1.0,-1.0,-1.0,121924.0,122896.0,-1.0
35,ARABUTÃ,-1.0,-1.0,-1.0,-1.0,-1.0,-1.0,4196.0,4198.0,4270.0,4273.0,4276.0,4278.0,4281.0,4266.0,4267.0,4267.0,4268.0
36,ARAPONGAS,112198.0,113833.0,115412.0,116960.0,118477.0,121198.0,123027.0,-1.0,-1.0,-1.0,-1.0,-1.0,-1.0,-1.0,105588.0,106978.0,-1.0
37,ARAPOTI,27170.0,27362.0,27547.0,27728.0,27906.0,27925.0,28115.0,-1.0,-1.0,-1.0,-1.0,-1.0,-1.0,-1.0,26007.0,26153.0,-1.0
38,ARAPUÃ,3513.0,3469.0,3426.0,3384.0,3343.0,3128.0,3068.0,-1.0,-1.0,-1.0,-1.0,-1.0,-1.0,-1.0,3515.0,3469.0,-1.0
39,ARAQUARI,-1.0,-1.0,-1.0,-1.0,-1.0,-1.0,25860.0,26875.0,29593.0,31030.0,32454.0,33867.0,35268.0,36710.0,38129.0,39524.0,40890.0
40,ARARANGUÁ,-1.0,-1.0,-1.0,-1.0,-1.0,-1.0,61817.0,62308.0,64405.0,65090.0,65769.0,66442.0,67110.0,67578.0,68228.0,68867.0,69493.0
41,ARARUNA,13926.0,13971.0,14014.0,14056.0,14098.0,13939.0,13970.0,-1.0,-1.0,-1.0,-1.0,-1.0,-1.0,-1.0,13445.0,13471.0,-1.0
42,ARAUCÁRIA,129209.0,131356.0,133428.0,135459.0,137452.0,141410.0,143843.0,-1.0,-1.0,-1.0,-1.0,-1.0,-1.0,-1.0,121032.0,122878.0,-1.0
43,ARIRANHA DO IVAÍ,2421.0,2389.0,2359.0,2330.0,2301.0,2151.0,2108.0,-1.0,-1.0,-1.0,-1.0,-1.0,-1.0,-1.0,2420.0,2389.0,-1.0
44,ARMAZÉM,-1.0,-1.0,-1.0,-1.0,-1.0,-1.0,7821.0,7886.0,8159.0,8251.0,8341.0,8431.0,8520.0,8587.0,8674.0,8759.0,8843.0
45,ARROIO TRINTA,-1.0,-1.0,-1.0,-1.0,-1.0,-1.0,3503.0,3504.0,3562.0,3563.0,3563.0,3564.0,3564.0,3551.0,3550.0,3549.0,3547.0
46,ARVOREDO,-1.0,-1.0,-1.0,-1.0,-1.0,-1.0,2257.0,2254.0,2281.0,2276.0,2271.0,2266.0,2261.0,2246.0,2240.0,2234.0,2228.0
47,ASCURRA,-1.0,-1.0,-1.0,-1.0,-1.0,-1.0,7449.0,7485.0,7683.0,7732.0,7781.0,7829.0,7877.0,7889.0,7934.0,7978.0,8021.0
48,ASSAÍ,16436.0,16322.0,16212.0,16104.0,15999.0,15289.0,15119.0,-1.0,-1.0,-1.0,-1.0,-1.0,-1.0,-1.0,16225.0,16099.0,-1.0
49,ASSIS CHATEAUBRIAND,33988.0,34008.0,34027.0,34046.0,34064.0,33397.0,33362.0,-1.0,-1.0,-1.0,-1.0,-1.0,-1.0,-1.0,33003.0,32981.0,-1.0
50,ASTORGA,25745.0,25862.0,25976.0,26087.0,26196.0,26011.0,26111.0,-1.0,-1.0,-1.0,-1.0,-1.0,-1.0,-1.0,24780.0,24859.0,-1.0
51,ATALAIA,4010.0,4007.0,4004.0,4002.0,3999.0,3902.0,3892.0,-1.0,-1.0,-1.0,-1.0,-1.0,-1.0,-1.0,3906.0,3898.0,-1.0
52,ATALANTA,-1.0,-1.0,-1.0,-1.0,-1.0,-1.0,3291.0,3281.0,3310.0,3296.0,3282.0,3268.0,3254.0,3226.0,3210.0,3195.0,3179.0
53,AURORA,-1.0,-1.0,-1.0,-1.0,-1.0,-1.0,5555.0,5561.0,5661.0,5668.0,5674.0,5681.0,5688.0,5676.0,5679.0,5683.0,5687.0
54,BALNEÁRIO ARROIO DO SILVA,-1.0,-1.0,-1.0,-1.0,-1.0,-1.0,9858.0,10121.0,10876.0,11248.0,11616.0,11982.0,12344.0,12705.0,13071.0,13430.0,13782.0
55,BALNEÁRIO BARRA DO SUL,-1.0,-1.0,-1.0,-1.0,-1.0,-1.0,8614.0,8791.0,9330.0,9580.0,9828.0,10073.0,10317.0,10550.0,10795.0,11035.0,11271.0
56,BALNEÁRIO CAMBORIÚ,-1.0,-1.0,-1.0,-1.0,-1.0,-1.0,110748.0,113319.0,120926.0,124557.0,128155.0,131727.0,135268.0,138732.0,142295.0,145796.0,149227.0
57,BALNEÁRIO GAIVOTA,-1.0,-1.0,-1.0,-1.0,-1.0,-1.0,8448.0,8655.0,9259.0,9551.0,9841.0,10128.0,10413.0,10692.0,10979.0,11260.0,11537.0
58,BALNEÁRIO PIÇARRAS,-1.0,-1.0,-1.0,-1.0,-1.0,-1.0,17552.0,18010.0,19329.0,19976.0,20617.0,21253.0,21884.0,22511.0,23147.0,23772.0,24385.0
59,BALNEÁRIO RINCÃO,-1.0,-1.0,-1.0,-1.0,-1.0,-1.0,-1.0,11136.0,11628.0,11824.0,12018.0,12212.0,12403.0,12570.0,12760.0,12946.0,13129.0
60,BALSA NOVA,12059.0,12200.0,12337.0,12471.0,12602.0,12787.0,12941.0,-1.0,-1.0,-1.0,-1.0,-1.0,-1.0,-1.0,11422.0,11539.0,-1.0
61,BANDEIRANTE,-1.0,-1.0,-1.0,-1.0,-1.0,-1.0,2886.0,2866.0,2865.0,2836.0,2808.0,2779.0,2751.0,2708.0,2678.0,2648.0,2618.0
62,BANDEIRANTES,32800.0,32718.0,32639.0,32562.0,32486.0,31526.0,31367.0,-1.0,-1.0,-1.0,-1.0,-1.0,-1.0,-1.0,32066.0,31951.0,-1.0
63,BARBOSA FERRAZ,12683.0,12583.0,12487.0,12393.0,12300.0,11714.0,11568.0,-1.0,-1.0,-1.0,-1.0,-1.0,-1.0,-1.0,12545.0,12437.0,-1.0
64,BARRA BONITA,-1.0,-1.0,-1.0,-1.0,-1.0,-1.0,1860.0,1853.0,1842.0,1815.0,1790.0,1764.0,1739.0,1704.0,1677.0,1651.0,1625.0
65,BARRA DO JACARÉ,2813.0,2817.0,2821.0,2825.0,2828.0,2781.0,2781.0,-1.0,-1.0,-1.0,-1.0,-1.0,-1.0,-1.0,2728.0,2728.0,-1.0
66,BARRA VELHA,-1.0,-1.0,-1.0,-1.0,-1.0,-1.0,22913.0,23422.0,24943.0,25662.0,26374.0,27080.0,27781.0,28463.0,29168.0,29860.0,30539.0
67,BARRACÃO,10143.0,10187.0,10231.0,10273.0,10314.0,10238.0,10275.0,-1.0,-1.0,-1.0,-1.0,-1.0,-1.0,-1.0,9766.0,9796.0,-1.0
68,BELA VISTA DA CAROBA,3926.0,3887.0,3848.0,3811.0,3774.0,3567.0,3511.0,-1.0,-1.0,-1.0,-1.0,-1.0,-1.0,-1.0,3903.0,3861.0,-1.0
69,BELA VISTA DO PARAÍSO,15565.0,15589.0,15612.0,15634.0,15656.0,15395.0,15397.0,-1.0,-1.0,-1.0,-1.0,-1.0,-1.0,-1.0,15083.0,15087.0,-1.0
70,BELA VISTA DO TOLDO,-1.0,-1.0,-1.0,-1.0,-1.0,-1.0,6026.0,6047.0,6191.0,6219.0,6248.0,6276.0,6304.0,6311.0,6337.0,6362.0,6386.0
71,BELMONTE,-1.0,-1.0,-1.0,-1.0,-1.0,-1.0,2639.0,2643.0,2692.0,2696.0,2700.0,2705.0,2709.0,2703.0,2706.0,2709.0,2712.0
72,BENEDITO NOVO,-1.0,-1.0,-1.0,-1.0,-1.0,-1.0,10434.0,10528.0,10906.0,11037.0,11168.0,11297.0,11425.0,11526.0,11652.0,11775.0,11896.0
73,BIGUAÇU,-1.0,-1.0,-1.0,-1.0,-1.0,-1.0,58984.0,59736.0,62383.0,63440.0,64488.0,65528.0,66558.0,67458.0,68481.0,69486.0,70471.0
74,BITURUNA,16416.0,16448.0,16480.0,16511.0,16627.0,16377.0,16389.0,-1.0,-1.0,-1.0,-1.0,-1.0,-1.0,-1.0,15892.0,15903.0,-1.0
75,BLUMENAU,-1.0,-1.0,-1.0,-1.0,-1.0,-1.0,312635.0,316139.0,329082.0,334002.0,338876.0,343715.0,348513.0,352460.0,357199.0,361855.0,366418.0
76,BOA ESPERANÇA,4559.0,4518.0,4478.0,4438.0,4392.0,4165.0,4105.0,-1.0,-1.0,-1.0,-1.0,-1.0,-1.0,-1.0,4523.0,4479.0,-1.0
77,BOA ESPERANÇA DO IGUAÇU,2763.0,2739.0,2716.0,2694.0,2671.0,2538.0,2503.0,-1.0,-1.0,-1.0,-1.0,-1.0,-1.0,-1.0,2738.0,2713.0,-1.0
78,BOA VENTURA DE SÃO ROQUE,6702.0,6692.0,6683.0,6674.0,6665.0,6411.0,6387.0,-1.0,-1.0,-1.0,-1.0,-1.0,-1.0,-1.0,6537.0,6520.0,-1.0
79,BOA VISTA DA APARECIDA,8028.0,7998.0,7968.0,7939.0,7911.0,7643.0,7591.0,-1.0,-1.0,-1.0,-1.0,-1.0,-1.0,-1.0,7872.0,7834.0,-1.0
80,BOCAINA DO SUL,-1.0,-1.0,-1.0,-1.0,-1.0,-1.0,3303.0,3314.0,3393.0,3408.0,3424.0,3440.0,3456.0,3460.0,3474.0,3488.0,3501.0
81,BOCAIÚVA DO SUL,11826.0,11996.0,12159.0,12320.0,12477.0,12755.0,12944.0,-1.0,-1.0,-1.0,-1.0,-1.0,-1.0,-1.0,11136.0,11280.0,-1.0
82,BOM JARDIM DA SERRA,-1.0,-1.0,-1.0,-1.0,-1.0,-1.0,4420.0,4443.0,4566.0,4598.0,4631.0,4663.0,4694.0,4712.0,4743.0,4772.0,4801.0
83,BOM JESUS,-1.0,-1.0,-1.0,-1.0,-1.0,-1.0,2563.0,2599.0,2721.0,2771.0,2821.0,2870.0,2919.0,2961.0,3010.0,3057.0,3104.0
84,BOM JESUS DO OESTE,-1.0,-1.0,-1.0,-1.0,-1.0,-1.0,2131.0,2130.0,2160.0,2158.0,2156.0,2153.0,2151.0,2146.0,2142.0,2139.0,2136.0
85,BOM JESUS DO SUL,3824.0,3800.0,3777.0,3755.0,3733.0,3577.0,3541.0,-1.0,-1.0,-1.0,-1.0,-1.0,-1.0,-1.0,3769.0,3742.0,-1.0
86,BOM RETIRO,-1.0,-1.0,-1.0,-1.0,-1.0,-1.0,9017.0,9090.0,9397.0,9498.0,9598.0,9698.0,9796.0,9870.0,9966.0,10060.0,10153.0
87,BOM SUCESSO,6866.0,6906.0,6944.0,6982.0,7019.0,6995.0,7032.0,-1.0,-1.0,-1.0,-1.0,-1.0,-1.0,-1.0,6591.0,6620.0,-1.0
88,BOM SUCESSO DO SUL,3372.0,3368.0,3365.0,3361.0,3358.0,3274.0,3264.0,-1.0,-1.0,-1.0,-1.0,-1.0,-1.0,-1.0,3286.0,3279.0,-1.0
89,BOMBINHAS,-1.0,-1.0,-1.0,-1.0,-1.0,-1.0,14722.0,15136.0,16311.0,16897.0,17477.0,18052.0,18623.0,19193.0,19769.0,20335.0,20889.0
90,BORRAZÓPOLIS,7724.0,7608.0,7497.0,7387.0,7280.0,6749.0,6592.0,-1.0,-1.0,-1.0,-1.0,-1.0,-1.0,-1.0,7758.0,7641.0,-1.0
91,BOTUVERÁ,-1.0,-1.0,-1.0,-1.0,-1.0,-1.0,4527.0,4584.0,4785.0,4864.0,4943.0,5022.0,5100.0,5169.0,5246.0,5322.0,5396.0
92,BRAÇO DO NORTE,-1.0,-1.0,-1.0,-1.0,-1.0,-1.0,29351.0,29672.0,30868.0,31319.0,31765.0,32209.0,32648.0,33016.0,33450.0,33876.0,34294.0
93,BRAÇO DO TROMBUDO,-1.0,-1.0,-1.0,-1.0,-1.0,-1.0,3478.0,3498.0,3599.0,3627.0,3654.0,3682.0,3709.0,3718.0,3743.0,3769.0,3794.0
94,BRAGANEY,5799.0,5770.0,5742.0,5714.0,5687.0,5473.0,5427.0,-1.0,-1.0,-1.0,-1.0,-1.0,-1.0,-1.0,5700.0,5667.0,-1.0
95,BRASILÂNDIA DO SUL,3136.0,3086.0,3037.0,2990.0,2943.0,2719.0,2651.0,-1.0,-1.0,-1.0,-1.0,-1.0,-1.0,-1.0,3157.0,3107.0,-1.0
96,BRUNÓPOLIS,-1.0,-1.0,-1.0,-1.0,-1.0,-1.0,2814.0,2778.0,2741.0,2690.0,2639.0,2589.0,2539.0,2473.0,2420.0,2368.0,2318.0
97,BRUSQUE,-1.0,-1.0,-1.0,-1.0,-1.0,-1.0,107764.0,109950.0,116634.0,119719.0,122775.0,125810.0,128818.0,131703.0,134723.0,137689.0,140597.0
98,CAÇADOR,-1.0,-1.0,-1.0,-1.0,-1.0,-1.0,71334.0,71886.0,74276.0,75048.0,75812.0,76571.0,77323.0,77863.0,78595.0,79313.0,80017.0
99,CAFEARA,2833.0,2853.0,2873.0,2892.0,2911.0,2914.0,2934.0,-1.0,-1.0,-1.0,-1.0,-1.0,-1.0,-1.0,2712.0,2727.0,-1.0
100,CAFELÂNDIA,16020.0,16321.0,16611.0,16896.0,17175.0,17775.0,18120.0,-1.0,-1.0,-1.0,-1.0,-1.0,-1.0,-1.0,14933.0,15194.0,-1.0
101,CAFEZAL DO SUL,4334.0,4310.0,4288.0,4266.0,4245.0,4080.0,4044.0,-1.0,-1.0,-1.0,-1.0,-1.0,-1.0,-1.0,4263.0,4236.0,-1.0
102,CAIBI,-1.0,-1.0,-1.0,-1.0,-1.0,-1.0,6209.0,6199.0,6274.0,6259.0,6243.0,6228.0,6213.0,6167.0,6148.0,6130.0,6112.0
103,CALIFÓRNIA,8423.0,8464.0,8505.0,8545.0,8583.0,8533.0,8570.0,-1.0,-1.0,-1.0,-1.0,-1.0,-1.0,-1.0,8100.0,8129.0,-1.0
104,CALMON,-1.0,-1.0,-1.0,-1.0,-1.0,-1.0,3381.0,3375.0,3416.0,3407.0,3398.0,3389.0,3380.0,3357.0,3346.0,3335.0,3325.0
105,CAMBARÁ,24928.0,25051.0,25170.0,25287.0,25401.0,25252.0,25360.0,-1.0,-1.0,-1.0,-1.0,-1.0,-1.0,-1.0,23974.0,24060.0,-1.0
106,CAMBÉ,102222.0,103036.0,103822.0,104592.0,105347.0,105704.0,106533.0,-1.0,-1.0,-1.0,-1.0,-1.0,-1.0,-1.0,97390.0,98024.0,-1.0
107,CAMBIRA,7603.0,7657.0,7708.0,7759.0,7808.0,7813.0,7865.0,-1.0,-1.0,-1.0,-1.0,-1.0,-1.0,-1.0,7279.0,7319.0,-1.0
108,CAMBORIÚ,-1.0,-1.0,-1.0,-1.0,-1.0,-1.0,63967.0,65520.0,70068.0,72261.0,74434.0,76592.0,78731.0,80834.0,82989.0,85105.0,87179.0
109,CAMPINA DA LAGOA,15463.0,15353.0,15247.0,15144.0,15042.0,14366.0,14202.0,-1.0,-1.0,-1.0,-1.0,-1.0,-1.0,-1.0,15270.0,15149.0,-1.0
110,CAMPINA DO SIMÃO,4130.0,4113.0,4096.0,4079.0,4062.0,3917.0,3887.0,-1.0,-1.0,-1.0,-1.0,-1.0,-1.0,-1.0,4054.0,4033.0,-1.0
111,CAMPINA GRANDE DO SUL,41060.0,41447.0,41821.0,42187.0,42547.0,42880.0,43288.0,-1.0,-1.0,-1.0,-1.0,-1.0,-1.0,-1.0,39092.0,39404.0,-1.0
112,CAMPO ALEGRE,-1.0,-1.0,-1.0,-1.0,-1.0,-1.0,11757.0,11766.0,11972.0,11982.0,11992.0,12002.0,12012.0,11974.0,11978.0,11981.0,11985.0
113,CAMPO BELO DO SUL,-1.0,-1.0,-1.0,-1.0,-1.0,-1.0,7440.0,7398.0,7419.0,7358.0,7297.0,7237.0,7177.0,7081.0,7016.0,6952.0,6889.0
114,CAMPO BONITO,4361.0,4309.0,4259.0,4210.0,4162.0,3905.0,3833.0,-1.0,-1.0,-1.0,-1.0,-1.0,-1.0,-1.0,4352.0,4299.0,-1.0
115,CAMPO DO TENENTE,7550.0,7623.0,7693.0,7762.0,7829.0,7894.0,7971.0,-1.0,-1.0,-1.0,-1.0,-1.0,-1.0,-1.0,7186.0,7245.0,-1.0
116,CAMPO ERÊ,-1.0,-1.0,-1.0,-1.0,-1.0,-1.0,9295.0,9222.0,9203.0,9098.0,8993.0,8890.0,8787.0,8636.0,8526.0,8418.0,8312.0
117,CAMPO LARGO,120730.0,122443.0,124098.0,125719.0,127309.0,130091.0,132002.0,-1.0,-1.0,-1.0,-1.0,-1.0,-1.0,-1.0,113882.0,115336.0,-1.0
118,CAMPO MAGRO,26755.0,27143.0,27517.0,27884.0,28244.0,28885.0,29318.0,-1.0,-1.0,-1.0,-1.0,-1.0,-1.0,-1.0,25184.0,25513.0,-1.0
119,CAMPO MOURÃO,91648.0,92300.0,92930.0,93547.0,94153.0,94212.0,94859.0,-1.0,-1.0,-1.0,-1.0,-1.0,-1.0,-1.0,87710.0,88209.0,-1.0
120,CAMPOS NOVOS,-1.0,-1.0,-1.0,-1.0,-1.0,-1.0,33073.0,33313.0,34386.0,34721.0,35054.0,35383.0,35710.0,35930.0,36244.0,36556.0,36861.0
121,CÂNDIDO DE ABREU,16633.0,16484.0,16339.0,16198.0,16059.0,15233.0,15018.0,-1.0,-1.0,-1.0,-1.0,-1.0,-1.0,-1.0,16491.0,16332.0,-1.0
122,CANDÓI,15657.0,15741.0,15822.0,15901.0,15978.0,15903.0,15979.0,-1.0,-1.0,-1.0,-1.0,-1.0,-1.0,-1.0,15045.0,15104.0,-1.0
123,CANELINHA,-1.0,-1.0,-1.0,-1.0,-1.0,-1.0,10726.0,10845.0,11286.0,11452.0,11617.0,11781.0,11944.0,12080.0,12240.0,12398.0,12553.0
124,CANOINHAS,-1.0,-1.0,-1.0,-1.0,-1.0,-1.0,52853.0,52937.0,53969.0,54079.0,54188.0,54296.0,54403.0,54319.0,54401.0,54480.0,54558.0
125,CANTAGALO,13396.0,13424.0,13452.0,13478.0,13505.0,13306.0,13317.0,-1.0,-1.0,-1.0,-1.0,-1.0,-1.0,-1.0,12963.0,12974.0,-1.0
126,CAPANEMA,19182.0,19229.0,19275.0,19320.0,19364.0,19099.0,19124.0,-1.0,-1.0,-1.0,-1.0,-1.0,-1.0,-1.0,18549.0,18570.0,-1.0
127,CAPÃO ALTO,-1.0,-1.0,-1.0,-1.0,-1.0,-1.0,2733.0,2713.0,2711.0,2682.0,2654.0,2625.0,2597.0,2556.0,2525.0,2496.0,2467.0
128,CAPINZAL,-1.0,-1.0,-1.0,-1.0,-1.0,-1.0,20919.0,21064.0,21726.0,21928.0,22129.0,22327.0,22524.0,22658.0,22848.0,23035.0,23218.0
129,CAPITÃO LEÔNIDAS MARQUES,15592.0,15659.0,15724.0,15788.0,15850.0,15724.0,15780.0,-1.0,-1.0,-1.0,-1.0,-1.0,-1.0,-1.0,15016.0,15060.0,-1.0
130,CAPIVARI DE BAIXO,-1.0,-1.0,-1.0,-1.0,-1.0,-1.0,21913.0,22145.0,23018.0,23342.0,23663.0,23982.0,24298.0,24559.0,24871.0,25177.0,25477.0
131,CARAMBEÍ,20863.0,21233.0,21590.0,21939.0,22282.0,22993.0,23415.0,-1.0,-1.0,-1.0,-1.0,-1.0,-1.0,-1.0,19494.0,19813.0,-1.0
132,CARLÓPOLIS,14239.0,14289.0,14337.0,14384.0,14431.0,14283.0,14320.0,-1.0,-1.0,-1.0,-1.0,-1.0,-1.0,-1.0,13737.0,13767.0,-1.0
133,CASCAVEL,305615.0,309259.0,312778.0,316226.0,319608.0,324476.0,328454.0,-1.0,-1.0,-1.0,-1.0,-1.0,-1.0,-1.0,289340.0,292372.0,-1.0
134,CASTRO,70086.0,70454.0,70810.0,71159.0,71501.0,71151.0,71484.0,-1.0,-1.0,-1.0,-1.0,-1.0,-1.0,-1.0,67353.0,67613.0,-1.0
135,CATANDUVAS,10467.0,10463.0,10459.0,10455.0,10451.0,10213.0,19842.0,9746.0,10112.0,10244.0,10374.0,10503.0,10632.0,10735.0,21047.0,21153.0,11106.0
136,CAXAMBU DO SUL,-1.0,-1.0,-1.0,-1.0,-1.0,-1.0,4346.0,4283.0,4208.0,4118.0,4028.0,3939.0,3850.0,3735.0,3642.0,3551.0,3462.0
137,CELSO RAMOS,-1.0,-1.0,-1.0,-1.0,-1.0,-1.0,2766.0,2760.0,2792.0,2784.0,2776.0,2768.0,2760.0,2738.0,2728.0,2719.0,2709.0
138,CENTENÁRIO DO SUL,11382.0,11346.0,11312.0,11279.0,11246.0,10891.0,10827.0,-1.0,-1.0,-1.0,-1.0,-1.0,-1.0,-1.0,11142.0,11096.0,-1.0
139,CERRO AZUL,17619.0,17689.0,17755.0,17821.0,17885.0,17725.0,17779.0,-1.0,-1.0,-1.0,-1.0,-1.0,-1.0,-1.0,16983.0,17027.0,-1.0
140,CERRO NEGRO,-1.0,-1.0,-1.0,-1.0,-1.0,-1.0,3542.0,3503.0,3472.0,3417.0,3362.0,3308.0,3254.0,3181.0,3124.0,3068.0,3013.0
141,CÉU AZUL,11528.0,11589.0,11649.0,11707.0,11764.0,11709.0,11765.0,-1.0,-1.0,-1.0,-1.0,-1.0,-1.0,-1.0,11078.0,11121.0,-1.0
142,CHAPADÃO DO LAGEADO,-1.0,-1.0,-1.0,-1.0,-1.0,-1.0,2778.0,2793.0,2871.0,2892.0,2912.0,2933.0,2953.0,2969.0,2988.0,3006.0,3025.0
143,CHAPECÓ,-1.0,-1.0,-1.0,-1.0,-1.0,-1.0,186337.0,189052.0,198188.0,202009.0,205795.0,209553.0,213279.0,216654.0,220367.0,224013.0,227587.0
144,CHOPINZINHO,20077.0,20034.0,19992.0,19951.0,19911.0,19343.0,19254.0,-1.0,-1.0,-1.0,-1.0,-1.0,-1.0,-1.0,19613.0,19549.0,-1.0
145,CIANORTE,75360.0,76456.0,77515.0,78553.0,79571.0,81393.0,82620.0,-1.0,-1.0,-1.0,-1.0,-1.0,-1.0,-1.0,70922.0,71855.0,-1.0
146,CIDADE GAÚCHA,11800.0,11937.0,12069.0,12199.0,12326.0,12503.0,12652.0,-1.0,-1.0,-1.0,-1.0,-1.0,-1.0,-1.0,11180.0,11294.0,-1.0
147,CLEVELÂNDIA,17501.0,17436.0,17373.0,17311.0,17250.0,16671.0,16559.0,-1.0,-1.0,-1.0,-1.0,-1.0,-1.0,-1.0,17156.0,17075.0,-1.0
148,COCAL DO SUL,-1.0,-1.0,-1.0,-1.0,-1.0,-1.0,15269.0,15376.0,15860.0,16009.0,16156.0,16301.0,16446.0,16544.0,16684.0,16821.0,16956.0
149,COLOMBO,227220.0,229872.0,232432.0,234941.0,237402.0,240840.0,243726.0,-1.0,-1.0,-1.0,-1.0,-1.0,-1.0,-1.0,215242.0,217443.0,-1.0
150,COLORADO,23402.0,23542.0,23678.0,23811.0,23941.0,23879.0,24012.0,-1.0,-1.0,-1.0,-1.0,-1.0,-1.0,-1.0,22452.0,22555.0,-1.0
151,CONCÓRDIA,-1.0,-1.0,-1.0,-1.0,-1.0,-1.0,69048.0,69462.0,71499.0,72073.0,72642.0,73206.0,73766.0,74106.0,74641.0,75167.0,75683.0
152,CONGONHINHAS,8648.0,8693.0,8736.0,8779.0,8821.0,8777.0,8818.0,-1.0,-1.0,-1.0,-1.0,-1.0,-1.0,-1.0,8312.0,8344.0,-1.0
153,CONSELHEIRO MAIRINCK,3794.0,3813.0,3831.0,3849.0,3866.0,3843.0,3860.0,-1.0,-1.0,-1.0,-1.0,-1.0,-1.0,-1.0,3650.0,3663.0,-1.0
154,CONTENDA,17067.0,17300.0,17525.0,17745.0,17961.0,18326.0,18584.0,-1.0,-1.0,-1.0,-1.0,-1.0,-1.0,-1.0,16095.0,16292.0,-1.0
155,CORBÉLIA,16954.0,17016.0,17076.0,17135.0,17193.0,17024.0,17071.0,-1.0,-1.0,-1.0,-1.0,-1.0,-1.0,-1.0,16352.0,16389.0,-1.0
156,CORDILHEIRA ALTA,-1.0,-1.0,-1.0,-1.0,-1.0,-1.0,3819.0,3869.0,4043.0,4114.0,4184.0,4253.0,4321.0,4385.0,4453.0,4520.0,4585.0
157,CORNÉLIO PROCÓPIO,48420.0,48487.0,48551.0,48615.0,48677.0,47847.0,47845.0,-1.0,-1.0,-1.0,-1.0,-1.0,-1.0,-1.0,46934.0,46939.0,-1.0
158,CORONEL DOMINGOS SOARES,7525.0,7553.0,7580.0,7607.0,7547.0,7475.0,7497.0,-1.0,-1.0,-1.0,-1.0,-1.0,-1.0,-1.0,7256.0,7274.0,-1.0
159,CORONEL FREITAS,-1.0,-1.0,-1.0,-1.0,-1.0,-1.0,10189.0,10165.0,10272.0,10236.0,10201.0,10165.0,10130.0,10022.0,9981.0,9940.0,9900.0
160,CORONEL MARTINS,-1.0,-1.0,-1.0,-1.0,-1.0,-1.0,2464.0,2469.0,2520.0,2527.0,2534.0,2541.0,2548.0,2544.0,2549.0,2555.0,2560.0
161,CORONEL VIVIDA,22035.0,21939.0,21846.0,21755.0,21666.0,20892.0,20734.0,-1.0,-1.0,-1.0,-1.0,-1.0,-1.0,-1.0,21630.0,21514.0,-1.0
162,CORREIA PINTO,-1.0,-1.0,-1.0,-1.0,-1.0,-1.0,14613.0,14447.0,14301.0,14063.0,13826.0,13591.0,13358.0,13040.0,12795.0,12553.0,12315.0
163,CORUMBATAÍ DO SUL,3887.0,3817.0,3749.0,3682.0,3617.0,3313.0,3219.0,-1.0,-1.0,-1.0,-1.0,-1.0,-1.0,-1.0,3930.0,3860.0,-1.0
164,CORUPÁ,-1.0,-1.0,-1.0,-1.0,-1.0,-1.0,14006.0,14155.0,14716.0,14925.0,15132.0,15337.0,15541.0,15709.0,15909.0,16107.0,16300.0
165,CRICIÚMA,-1.0,-1.0,-1.0,-1.0,-1.0,-1.0,193989.0,195614.0,202395.0,204667.0,206918.0,209153.0,211369.0,213023.0,215186.0,217311.0,219393.0
166,CRUZ MACHADO,18702.0,18755.0,18807.0,18858.0,18907.0,18675.0,18708.0,-1.0,-1.0,-1.0,-1.0,-1.0,-1.0,-1.0,18069.0,18097.0,-1.0
167,CRUZEIRO DO IGUAÇU,4383.0,4380.0,4376.0,4373.0,4369.0,4264.0,4252.0,-1.0,-1.0,-1.0,-1.0,-1.0,-1.0,-1.0,4270.0,4261.0,-1.0
168,CRUZEIRO DO OESTE,21107.0,21149.0,21190.0,21197.0,21237.0,20917.0,20932.0,-1.0,-1.0,-1.0,-1.0,-1.0,-1.0,-1.0,20431.0,20446.0,-1.0
169,CRUZEIRO DO SUL,4656.0,4646.0,4637.0,4628.0,4619.0,4489.0,4469.0,-1.0,-1.0,-1.0,-1.0,-1.0,-1.0,-1.0,4548.0,4534.0,-1.0
170,CRUZMALTINA,3185.0,3166.0,3147.0,3128.0,3110.0,2980.0,2950.0,-1.0,-1.0,-1.0,-1.0,-1.0,-1.0,-1.0,3140.0,3118.0,-1.0
171,CUNHA PORÃ,-1.0,-1.0,-1.0,-1.0,-1.0,-1.0,10643.0,10671.0,10905.0,10944.0,10982.0,11020.0,11057.0,11053.0,11086.0,11118.0,11150.0
172,CUNHATAÍ,-1.0,-1.0,-1.0,-1.0,-1.0,-1.0,1887.0,1892.0,1931.0,1937.0,1943.0,1949.0,1955.0,1957.0,1962.0,1967.0,1972.0
173,CURITIBA,1848946.0,1864416.0,1879355.0,1893997.0,1908359.0,1917185.0,1933105.0,-1.0,-1.0,-1.0,-1.0,-1.0,-1.0,-1.0,1764541.0,1776761.0,-1.0
174,CURITIBANOS,-1.0,-1.0,-1.0,-1.0,-1.0,-1.0,37878.0,38003.0,38890.0,39061.0,39231.0,39399.0,39566.0,39595.0,39745.0,39893.0,40037.0
175,CURIÚVA,14620.0,14720.0,14817.0,14911.0,15004.0,15003.0,15101.0,-1.0,-1.0,-1.0,-1.0,-1.0,-1.0,-1.0,14002.0,14077.0,-1.0
176,DESCANSO,-1.0,-1.0,-1.0,-1.0,-1.0,-1.0,8597.0,8560.0,8612.0,8558.0,8505.0,8452.0,8399.0,8308.0,8250.0,8192.0,8136.0
177,DIAMANTE D'OESTE,5223.0,5242.0,5259.0,5277.0,5294.0,5239.0,5253.0,-1.0,-1.0,-1.0,-1.0,-1.0,-1.0,-1.0,5039.0,5050.0,-1.0
178,DIAMANTE DO NORTE,5540.0,5501.0,5463.0,5425.0,5389.0,5146.0,5087.0,-1.0,-1.0,-1.0,-1.0,-1.0,-1.0,-1.0,5472.0,5428.0,-1.0
179,DIAMANTE DO SUL,3583.0,3575.0,3568.0,3562.0,3555.0,3454.0,3439.0,-1.0,-1.0,-1.0,-1.0,-1.0,-1.0,-1.0,3499.0,3488.0,-1.0
180,DIONÍSIO CERQUEIRA,-1.0,-1.0,-1.0,-1.0,-1.0,-1.0,14855.0,14896.0,15227.0,15283.0,15339.0,15395.0,15450.0,15450.0,15498.0,15545.0,15592.0
181,DOIS VIZINHOS,38385.0,38768.0,39138.0,39500.0,39856.0,40234.0,40641.0,-1.0,-1.0,-1.0,-1.0,-1.0,-1.0,-1.0,36501.0,36813.0,-1.0
182,DONA EMMA,-1.0,-1.0,-1.0,-1.0,-1.0,-1.0,3753.0,3784.0,3912.0,3955.0,3997.0,4039.0,4081.0,4105.0,4146.0,4186.0,4224.0
183,DOURADINA,8007.0,8120.0,8228.0,8335.0,8439.0,8621.0,8747.0,-1.0,-1.0,-1.0,-1.0,-1.0,-1.0,-1.0,7544.0,7640.0,-1.0
184,DOUTOR CAMARGO,6024.0,6036.0,6047.0,6058.0,6069.0,5976.0,5979.0,-1.0,-1.0,-1.0,-1.0,-1.0,-1.0,-1.0,5832.0,5836.0,-1.0
185,DOUTOR PEDRINHO,-1.0,-1.0,-1.0,-1.0,-1.0,-1.0,3645.0,3683.0,3828.0,3883.0,3937.0,3990.0,4043.0,4013.0,4064.0,4115.0,4164.0
186,DOUTOR ULYSSES,5837.0,5822.0,5808.0,5794.0,5781.0,5609.0,5580.0,-1.0,-1.0,-1.0,-1.0,-1.0,-1.0,-1.0,5706.0,5686.0,-1.0
187,ENÉAS MARQUES,6223.0,6209.0,6195.0,6182.0,6168.0,5990.0,5961.0,-1.0,-1.0,-1.0,-1.0,-1.0,-1.0,-1.0,6082.0,6061.0,-1.0
188,ENGENHEIRO BELTRÃO,14298.0,14303.0,14307.0,14311.0,14314.0,14020.0,14000.0,-1.0,-1.0,-1.0,-1.0,-1.0,-1.0,-1.0,13893.0,13880.0,-1.0
189,ENTRE RIOS,-1.0,-1.0,-1.0,-1.0,-1.0,-1.0,3031.0,3043.0,3118.0,3135.0,3151.0,3167.0,3183.0,3189.0,3203.0,3218.0,3232.0
190,ENTRE RIOS DO OESTE,4202.0,4255.0,4306.0,4357.0,4406.0,4481.0,4539.0,-1.0,-1.0,-1.0,-1.0,-1.0,-1.0,-1.0,3972.0,4017.0,-1.0
191,ERMO,-1.0,-1.0,-1.0,-1.0,-1.0,-1.0,2050.0,2049.0,2081.0,2079.0,2078.0,2077.0,2076.0,2066.0,2063.0,2061.0,2059.0
192,ERVAL VELHO,-1.0,-1.0,-1.0,-1.0,-1.0,-1.0,4359.0,4365.0,4448.0,4456.0,4464.0,4472.0,4480.0,4407.0,4412.0,4418.0,4423.0
193,ESPERANÇA NOVA,1946.0,1922.0,1898.0,1875.0,1852.0,1732.0,1698.0,-1.0,-1.0,-1.0,-1.0,-1.0,-1.0,-1.0,1945.0,1919.0,-1.0
194,ESPIGÃO ALTO DO IGUAÇU,4642.0,4591.0,4542.0,4494.0,4447.0,4188.0,4117.0,-1.0,-1.0,-1.0,-1.0,-1.0,-1.0,-1.0,4623.0,4570.0,-1.0
195,FAROL,3456.0,3422.0,3388.0,3355.0,3323.0,3139.0,3089.0,-1.0,-1.0,-1.0,-1.0,-1.0,-1.0,-1.0,3435.0,3398.0,-1.0
196,FAXINAL,17006.0,17084.0,17160.0,17233.0,17306.0,17185.0,17251.0,-1.0,-1.0,-1.0,-1.0,-1.0,-1.0,-1.0,16369.0,16421.0,-1.0
197,FAXINAL DOS GUEDES,-1.0,-1.0,-1.0,-1.0,-1.0,-1.0,10653.0,10645.0,10797.0,10784.0,10771.0,10758.0,10745.0,10686.0,10667.0,10649.0,10630.0
198,FAZENDA RIO GRANDE,89037.0,90648.0,92204.0,93730.0,95225.0,98368.0,100209.0,-1.0,-1.0,-1.0,-1.0,-1.0,-1.0,-1.0,83118.0,84514.0,-1.0
199,FÊNIX,4917.0,4912.0,4908.0,4903.0,4898.0,4777.0,4762.0,-1.0,-1.0,-1.0,-1.0,-1.0,-1.0,-1.0,4792.0,4781.0,-1.0
200,FERNANDES PINHEIRO,6008.0,5981.0,5954.0,5929.0,5904.0,5690.0,5646.0,-1.0,-1.0,-1.0,-1.0,-1.0,-1.0,-1.0,5899.0,5867.0,-1.0
201,FIGUEIRA,8364.0,8315.0,8268.0,8222.0,8177.0,7845.0,7770.0,-1.0,-1.0,-1.0,-1.0,-1.0,-1.0,-1.0,8236.0,8181.0,-1.0
202,FLOR DA SERRA DO SUL,4822.0,4812.0,4802.0,4792.0,4782.0,4645.0,4624.0,-1.0,-1.0,-1.0,-1.0,-1.0,-1.0,-1.0,4711.0,4695.0,-1.0
203,FLOR DO SERTÃO,-1.0,-1.0,-1.0,-1.0,-1.0,-1.0,1587.0,1585.0,1605.0,1603.0,1600.0,1597.0,1594.0,1586.0,1582.0,1579.0,1575.0
204,FLORAÍ,5149.0,5137.0,5126.0,5114.0,5103.0,4953.0,4929.0,-1.0,-1.0,-1.0,-1.0,-1.0,-1.0,-1.0,5032.0,5015.0,-1.0
205,FLORESTA,6324.0,6397.0,6467.0,6535.0,6603.0,6695.0,6774.0,-1.0,-1.0,-1.0,-1.0,-1.0,-1.0,-1.0,5994.0,6054.0,-1.0
206,FLORESTÓPOLIS,11328.0,11265.0,11205.0,11145.0,11087.0,10646.0,10548.0,-1.0,-1.0,-1.0,-1.0,-1.0,-1.0,-1.0,11148.0,11076.0,-1.0
207,FLORIANÓPOLIS,-1.0,-1.0,-1.0,-1.0,-1.0,-1.0,427298.0,433158.0,453285.0,461524.0,469690.0,477798.0,485838.0,492977.0,500973.0,508826.0,516524.0
208,FLÓRIDA,2650.0,2662.0,2674.0,2685.0,2697.0,2679.0,2689.0,-1.0,-1.0,-1.0,-1.0,-1.0,-1.0,-1.0,2552.0,2560.0,-1.0
209,FORMOSA DO OESTE,7468.0,7381.0,7296.0,7214.0,7133.0,6700.0,6578.0,-1.0,-1.0,-1.0,-1.0,-1.0,-1.0,-1.0,7448.0,7358.0,-1.0
210,FORMOSA DO SUL,-1.0,-1.0,-1.0,-1.0,-1.0,-1.0,2592.0,2583.0,2603.0,2589.0,2576.0,2562.0,2549.0,2525.0,2510.0,2495.0,2481.0
211,FORQUILHINHA,-1.0,-1.0,-1.0,-1.0,-1.0,-1.0,22871.0,23183.0,24256.0,24694.0,25129.0,25560.0,25988.0,26368.0,26793.0,27211.0,27621.0
212,FOZ DO IGUAÇU,263508.0,263647.0,263782.0,263915.0,264044.0,258823.0,258532.0,-1.0,-1.0,-1.0,-1.0,-1.0,-1.0,-1.0,255900.0,255718.0,-1.0
213,FOZ DO JORDÃO,5346.0,5277.0,5210.0,5144.0,5079.0,4745.0,4650.0,-1.0,-1.0,-1.0,-1.0,-1.0,-1.0,-1.0,5347.0,5276.0,-1.0
214,FRAIBURGO,-1.0,-1.0,-1.0,-1.0,-1.0,-1.0,34677.0,34796.0,35618.0,35781.0,35942.0,36102.0,36261.0,36299.0,36443.0,36584.0,36723.0
215,FRANCISCO ALVES,6483.0,6448.0,6415.0,6382.0,6350.0,6101.0,6046.0,-1.0,-1.0,-1.0,-1.0,-1.0,-1.0,-1.0,6377.0,6337.0,-1.0
216,FRANCISCO BELTRÃO,84437.0,85486.0,86499.0,87491.0,88465.0,89942.0,91093.0,-1.0,-1.0,-1.0,-1.0,-1.0,-1.0,-1.0,79850.0,80727.0,-1.0
217,FREI ROGÉRIO,-1.0,-1.0,-1.0,-1.0,-1.0,-1.0,2436.0,2399.0,2354.0,2301.0,2249.0,2197.0,2146.0,2077.0,2023.0,1970.0,1918.0
218,GALVÃO,-1.0,-1.0,-1.0,-1.0,-1.0,-1.0,3414.0,3452.0,3379.0,3297.0,3217.0,3137.0,3058.0,2956.0,2873.0,2791.0,2711.0
219,GAROPABA,-1.0,-1.0,-1.0,-1.0,-1.0,-1.0,18520.0,18890.0,20024.0,20545.0,21061.0,21573.0,22082.0,22568.0,23078.0,23579.0,24070.0
220,GARUVA,-1.0,-1.0,-1.0,-1.0,-1.0,-1.0,15021.0,15272.0,16081.0,16435.0,16786.0,17134.0,17479.0,17800.0,18145.0,18484.0,18816.0
221,GASPAR,-1.0,-1.0,-1.0,-1.0,-1.0,-1.0,58869.0,59728.0,62618.0,63826.0,65024.0,66213.0,67392.0,68465.0,69639.0,70793.0,71925.0
222,GENERAL CARNEIRO,14039.0,14039.0,14039.0,14038.0,14038.0,13735.0,13710.0,-1.0,-1.0,-1.0,-1.0,-1.0,-1.0,-1.0,13652.0,13635.0,-1.0
223,GODOY MOREIRA,3315.0,3279.0,3245.0,3211.0,3178.0,2996.0,2946.0,-1.0,-1.0,-1.0,-1.0,-1.0,-1.0,-1.0,3299.0,3262.0,-1.0
224,GOIOERÊ,29743.0,29722.0,29702.0,29683.0,29664.0,28962.0,28884.0,-1.0,-1.0,-1.0,-1.0,-1.0,-1.0,-1.0,28962.0,28908.0,-1.0
225,GOIOXIM,7590.0,7553.0,7517.0,7482.0,7448.0,7170.0,7111.0,-1.0,-1.0,-1.0,-1.0,-1.0,-1.0,-1.0,7459.0,7415.0,-1.0
226,GOVERNADOR CELSO RAMOS,-1.0,-1.0,-1.0,-1.0,-1.0,-1.0,13107.0,13211.0,13655.0,13801.0,13944.0,14087.0,14229.0,14333.0,14471.0,14606.0,14739.0
227,GRANDES RIOS,6515.0,6425.0,6337.0,6251.0,6167.0,5742.0,5618.0,-1.0,-1.0,-1.0,-1.0,-1.0,-1.0,-1.0,6530.0,6438.0,-1.0
228,GRÃO PARÁ,-1.0,-1.0,-1.0,-1.0,-1.0,-1.0,6246.0,6268.0,6418.0,6448.0,6478.0,6507.0,6537.0,6542.0,6569.0,6595.0,6621.0
229,GRAVATAL,-1.0,-1.0,-1.0,-1.0,-1.0,-1.0,10698.0,10758.0,11064.0,11148.0,11231.0,11313.0,11394.0,11423.0,11501.0,11577.0,11652.0
230,GUABIRUBA,-1.0,-1.0,-1.0,-1.0,-1.0,-1.0,18849.0,19254.0,20474.0,21046.0,21612.0,22174.0,22732.0,23272.0,23832.0,24382.0,24922.0
231,GUAÍRA,32190.0,32394.0,32591.0,32784.0,32974.0,32923.0,33119.0,-1.0,-1.0,-1.0,-1.0,-1.0,-1.0,-1.0,30861.0,31013.0,-1.0
232,GUAIRAÇÁ,6468.0,6500.0,6531.0,6562.0,6591.0,6553.0,6581.0,-1.0,-1.0,-1.0,-1.0,-1.0,-1.0,-1.0,6220.0,6243.0,-1.0
233,GUAMIRANGA,8343.0,8415.0,8484.0,8552.0,8619.0,8664.0,8739.0,-1.0,-1.0,-1.0,-1.0,-1.0,-1.0,-1.0,7959.0,8016.0,-1.0
234,GUAPIRAMA,3968.0,3959.0,3950.0,3942.0,3934.0,3820.0,3802.0,-1.0,-1.0,-1.0,-1.0,-1.0,-1.0,-1.0,3878.0,3865.0,-1.0
235,GUAPOREMA,2289.0,2290.0,2290.0,2291.0,2292.0,2246.0,2243.0,-1.0,-1.0,-1.0,-1.0,-1.0,-1.0,-1.0,2225.0,2223.0,-1.0
236,GUARACI,5373.0,5404.0,5434.0,5463.0,5492.0,5473.0,5502.0,-1.0,-1.0,-1.0,-1.0,-1.0,-1.0,-1.0,5159.0,5181.0,-1.0
237,GUARACIABA,-1.0,-1.0,-1.0,-1.0,-1.0,-1.0,10457.0,10417.0,10492.0,10433.0,10374.0,10316.0,10259.0,10154.0,10090.0,10026.0,9964.0
238,GUARAMIRIM,-1.0,-1.0,-1.0,-1.0,-1.0,-1.0,35918.0,36640.0,38851.0,39869.0,40878.0,41879.0,42872.0,43822.0,44819.0,45797.0,46757.0
239,GUARANIAÇU,14372.0,14181.0,13998.0,13817.0,13641.0,12733.0,12472.0,-1.0,-1.0,-1.0,-1.0,-1.0,-1.0,-1.0,14381.0,14187.0,-1.0
240,GUARAPUAVA,175779.0,176973.0,178126.0,179256.0,180364.0,180334.0,181504.0,-1.0,-1.0,-1.0,-1.0,-1.0,-1.0,-1.0,168349.0,169252.0,-1.0
241,GUARAQUEÇABA,8012.0,7988.0,7966.0,7944.0,7923.0,7679.0,7636.0,-1.0,-1.0,-1.0,-1.0,-1.0,-1.0,-1.0,7839.0,7809.0,-1.0
242,GUARATUBA,34338.0,34767.0,35182.0,35588.0,35986.0,36595.0,37067.0,-1.0,-1.0,-1.0,-1.0,-1.0,-1.0,-1.0,32467.0,32826.0,-1.0
243,GUARUJÁ DO SUL,-1.0,-1.0,-1.0,-1.0,-1.0,-1.0,4925.0,4941.0,5054.0,5076.0,5097.0,5118.0,5139.0,5141.0,5160.0,5178.0,5196.0
244,GUATAMBÚ,-1.0,-1.0,-1.0,-1.0,-1.0,-1.0,4678.0,4676.0,4746.0,4743.0,4739.0,4736.0,4733.0,4710.0,4704.0,4698.0,4692.0
245,HERVAL D'OESTE,-1.0,-1.0,-1.0,-1.0,-1.0,-1.0,21331.0,21420.0,21961.0,22083.0,22204.0,22324.0,22443.0,22495.0,22606.0,22714.0,22820.0
246,HONÓRIO SERPA,5902.0,5834.0,5769.0,5705.0,5643.0,5305.0,5211.0,-1.0,-1.0,-1.0,-1.0,-1.0,-1.0,-1.0,5883.0,5813.0,-1.0
247,IBAITI,30242.0,30464.0,30678.0,30888.0,31095.0,31142.0,31364.0,-1.0,-1.0,-1.0,-1.0,-1.0,-1.0,-1.0,28928.0,29099.0,-1.0
248,IBEMA,6306.0,6329.0,6352.0,6374.0,6396.0,6334.0,6352.0,-1.0,-1.0,-1.0,-1.0,-1.0,-1.0,-1.0,6081.0,6096.0,-1.0
249,IBIAM,-1.0,-1.0,-1.0,-1.0,-1.0,-1.0,1945.0,1944.0,1973.0,1971.0,1970.0,1968.0,1967.0,1959.0,1957.0,1954.0,1952.0
250,IBICARÉ,-1.0,-1.0,-1.0,-1.0,-1.0,-1.0,3357.0,3341.0,3359.0,3336.0,3313.0,3290.0,3268.0,3227.0,3202.0,3178.0,3154.0
251,IBIPORÃ,51255.0,51802.0,52330.0,52848.0,53356.0,53970.0,54558.0,-1.0,-1.0,-1.0,-1.0,-1.0,-1.0,-1.0,48662.0,49111.0,-1.0
252,IBIRAMA,-1.0,-1.0,-1.0,-1.0,-1.0,-1.0,17448.0,17561.0,18097.0,18255.0,18412.0,18567.0,18721.0,18802.0,18950.0,19096.0,19238.0
253,IÇARA,-1.0,-1.0,-1.0,-1.0,-1.0,-1.0,59616.0,49238.0,51416.0,52284.0,53145.0,53998.0,54845.0,55581.0,56421.0,57247.0,58055.0
254,ICARAÍMA,8809.0,8723.0,8641.0,8561.0,8482.0,8025.0,7904.0,-1.0,-1.0,-1.0,-1.0,-1.0,-1.0,-1.0,8747.0,8657.0,-1.0
255,IGUARAÇU,4205.0,4241.0,4275.0,4309.0,4343.0,4366.0,4404.0,-1.0,-1.0,-1.0,-1.0,-1.0,-1.0,-1.0,4012.0,4040.0,-1.0
256,IGUATU,2299.0,2300.0,2302.0,2303.0,2304.0,2258.0,2256.0,-1.0,-1.0,-1.0,-1.0,-1.0,-1.0,-1.0,2233.0,2231.0,-1.0
257,ILHOTA,-1.0,-1.0,-1.0,-1.0,-1.0,-1.0,12492.0,12624.0,13124.0,13309.0,13493.0,13676.0,13857.0,14005.0,14184.0,14359.0,14531.0
258,IMARUÍ,-1.0,-1.0,-1.0,-1.0,-1.0,-1.0,11540.0,11411.0,11301.0,11117.0,10933.0,10752.0,10571.0,10326.0,10135.0,9948.0,9764.0
259,IMBAÚ,12087.0,12246.0,12400.0,12550.0,12697.0,12936.0,13111.0,-1.0,-1.0,-1.0,-1.0,-1.0,-1.0,-1.0,11413.0,11546.0,-1.0
260,IMBITUBA,-1.0,-1.0,-1.0,-1.0,-1.0,-1.0,40514.0,40845.0,42244.0,42708.0,43168.0,43624.0,44076.0,44412.0,44853.0,45286.0,45711.0
261,IMBITUVA,30359.0,30713.0,31055.0,31391.0,31719.0,32179.0,32564.0,-1.0,-1.0,-1.0,-1.0,-1.0,-1.0,-1.0,28759.0,29053.0,-1.0
262,IMBUIA,-1.0,-1.0,-1.0,-1.0,-1.0,-1.0,5743.0,5777.0,5946.0,5993.0,6040.0,6087.0,6133.0,6153.0,6197.0,6241.0,6284.0
263,INÁCIO MARTINS,11282.0,11294.0,11307.0,11319.0,11331.0,11129.0,11125.0,-1.0,-1.0,-1.0,-1.0,-1.0,-1.0,-1.0,10942.0,10940.0,-1.0
264,INAJÁ,3100.0,3110.0,3119.0,3128.0,3137.0,3103.0,3109.0,-1.0,-1.0,-1.0,-1.0,-1.0,-1.0,-1.0,2994.0,3000.0,-1.0
265,INDAIAL,-1.0,-1.0,-1.0,-1.0,-1.0,-1.0,55980.0,57068.0,60433.0,61968.0,63489.0,65000.0,66497.0,67923.0,69425.0,70900.0,72346.0
266,INDIANÓPOLIS,4456.0,4469.0,4481.0,4493.0,4504.0,4449.0,4457.0,-1.0,-1.0,-1.0,-1.0,-1.0,-1.0,-1.0,4306.0,4313.0,-1.0
267,IOMERÊ,-1.0,-1.0,-1.0,-1.0,-1.0,-1.0,2754.0,2768.0,2842.0,2861.0,2880.0,2899.0,2917.0,2927.0,2945.0,2962.0,2979.0
268,IPIRA,-1.0,-1.0,-1.0,-1.0,-1.0,-1.0,4725.0,4699.0,4713.0,4675.0,4637.0,4599.0,4562.0,4486.0,4446.0,4406.0,4367.0
269,IPIRANGA,14809.0,14895.0,14978.0,15059.0,15139.0,15092.0,15172.0,-1.0,-1.0,-1.0,-1.0,-1.0,-1.0,-1.0,14215.0,14278.0,-1.0
270,IPORÃ,15078.0,14981.0,14887.0,14794.0,14704.0,14073.0,13926.0,-1.0,-1.0,-1.0,-1.0,-1.0,-1.0,-1.0,14869.0,14760.0,-1.0
271,IPORÃ DO OESTE,-1.0,-1.0,-1.0,-1.0,-1.0,-1.0,8450.0,8490.0,8714.0,8769.0,8823.0,8876.0,8930.0,8945.0,8996.0,9045.0,9093.0
272,IPUAÇU,-1.0,-1.0,-1.0,-1.0,-1.0,-1.0,6850.0,6901.0,7123.0,7193.0,7262.0,7331.0,7400.0,7448.0,7514.0,7579.0,7643.0
273,IPUMIRIM,-1.0,-1.0,-1.0,-1.0,-1.0,-1.0,7245.0,7268.0,7435.0,7467.0,7499.0,7530.0,7561.0,7565.0,7593.0,7620.0,7647.0
274,IRACEMA DO OESTE,2564.0,2537.0,2512.0,2487.0,2462.0,2325.0,2288.0,-1.0,-1.0,-1.0,-1.0,-1.0,-1.0,-1.0,2550.0,2522.0,-1.0
275,IRACEMINHA,-1.0,-1.0,-1.0,-1.0,-1.0,-1.0,4227.0,4202.0,4212.0,4175.0,4139.0,4103.0,4067.0,4015.0,3976.0,3938.0,3901.0
276,IRANI,-1.0,-1.0,-1.0,-1.0,-1.0,-1.0,9595.0,9656.0,9948.0,10033.0,10118.0,10202.0,10285.0,10339.0,10419.0,10498.0,10575.0
277,IRATI,58957.0,59339.0,59708.0,60070.0,60425.0,60357.0,62808.0,2067.0,2067.0,2046.0,2025.0,2004.0,1984.0,1952.0,58433.0,58699.0,1887.0
278,IRETAMA,10773.0,10730.0,10689.0,10648.0,10608.0,10241.0,10169.0,-1.0,-1.0,-1.0,-1.0,-1.0,-1.0,-1.0,10568.0,10515.0,-1.0
279,IRINEÓPOLIS,-1.0,-1.0,-1.0,-1.0,-1.0,-1.0,10503.0,10556.0,10843.0,10916.0,10989.0,11061.0,11133.0,11155.0,11222.0,11289.0,11354.0
280,ITÁ,-1.0,-1.0,-1.0,-1.0,-1.0,-1.0,6401.0,6375.0,6420.0,6383.0,6347.0,6311.0,6275.0,6209.0,6169.0,6129.0,6091.0
281,ITAGUAJÉ,4659.0,4649.0,4639.0,4629.0,4620.0,4487.0,4466.0,-1.0,-1.0,-1.0,-1.0,-1.0,-1.0,-1.0,4553.0,4538.0,-1.0
282,ITAIÓPOLIS,-1.0,-1.0,-1.0,-1.0,-1.0,-1.0,20395.0,20485.0,21015.0,21139.0,21263.0,21385.0,21506.0,21556.0,21669.0,21780.0,21889.0
283,ITAIPULÂNDIA,9869.0,10056.0,10236.0,10413.0,10587.0,10961.0,11176.0,-1.0,-1.0,-1.0,-1.0,-1.0,-1.0,-1.0,9195.0,9357.0,-1.0
284,ITAJAÍ,-1.0,-1.0,-1.0,-1.0,-1.0,-1.0,186127.0,188791.0,197809.0,201557.0,205271.0,208958.0,212615.0,215895.0,219536.0,223112.0,226617.0
285,ITAMBARACÁ,6887.0,6869.0,6852.0,6835.0,6819.0,6616.0,6582.0,-1.0,-1.0,-1.0,-1.0,-1.0,-1.0,-1.0,6734.0,6710.0,-1.0
286,ITAMBÉ,6173.0,6183.0,6192.0,6201.0,6210.0,6107.0,6108.0,-1.0,-1.0,-1.0,-1.0,-1.0,-1.0,-1.0,5981.0,5983.0,-1.0
287,ITAPEJARA D'OESTE,11211.0,11335.0,11454.0,11571.0,11685.0,11831.0,11964.0,-1.0,-1.0,-1.0,-1.0,-1.0,-1.0,-1.0,10637.0,10738.0,-1.0
288,ITAPEMA,-1.0,-1.0,-1.0,-1.0,-1.0,-1.0,47327.0,48807.0,52923.0,55016.0,57089.0,59147.0,61187.0,63250.0,65312.0,67338.0,69323.0
289,ITAPERUÇU,25974.0,26371.0,26755.0,27131.0,27500.0,28187.0,28634.0,-1.0,-1.0,-1.0,-1.0,-1.0,-1.0,-1.0,24236.0,24573.0,-1.0
290,ITAPIRANGA,-1.0,-1.0,-1.0,-1.0,-1.0,-1.0,15518.0,15623.0,16107.0,16253.0,16398.0,16541.0,16683.0,16736.0,16872.0,17007.0,17139.0
291,ITAPOÁ,-1.0,-1.0,-1.0,-1.0,-1.0,-1.0,15218.0,15658.0,16899.0,17521.0,18137.0,18749.0,19355.0,19963.0,20576.0,21177.0,21766.0
292,ITAÚNA DO SUL,3476.0,3411.0,3349.0,3288.0,3229.0,2951.0,2865.0,-1.0,-1.0,-1.0,-1.0,-1.0,-1.0,-1.0,3517.0,3453.0,-1.0
293,ITUPORANGA,-1.0,-1.0,-1.0,-1.0,-1.0,-1.0,22462.0,22667.0,23490.0,23777.0,24061.0,24343.0,24622.0,24812.0,25086.0,25355.0,25619.0
294,IVAÍ,13451.0,13541.0,13628.0,13714.0,13797.0,13791.0,13879.0,-1.0,-1.0,-1.0,-1.0,-1.0,-1.0,-1.0,12886.0,12954.0,-1.0
295,IVAIPORÃ,32699.0,32705.0,32710.0,32715.0,32720.0,32035.0,31984.0,-1.0,-1.0,-1.0,-1.0,-1.0,-1.0,-1.0,31782.0,31748.0,-1.0
296,IVATÉ,7901.0,7958.0,8013.0,8067.0,8120.0,8128.0,8185.0,-1.0,-1.0,-1.0,-1.0,-1.0,-1.0,-1.0,7560.0,7603.0,-1.0
297,IVATUBA,3159.0,3180.0,3201.0,3220.0,3240.0,3238.0,3259.0,-1.0,-1.0,-1.0,-1.0,-1.0,-1.0,-1.0,3027.0,3043.0,-1.0
298,JABORÁ,-1.0,-1.0,-1.0,-1.0,-1.0,-1.0,4030.0,4018.0,4057.0,4040.0,4023.0,4006.0,3990.0,3955.0,3936.0,3918.0,3899.0
299,JABOTI,5135.0,5166.0,5197.0,5226.0,5255.0,5244.0,5274.0,-1.0,-1.0,-1.0,-1.0,-1.0,-1.0,-1.0,4926.0,4950.0,-1.0
300,JACAREZINHO,40221.0,40232.0,40243.0,40253.0,40263.0,39435.0,39378.0,-1.0,-1.0,-1.0,-1.0,-1.0,-1.0,-1.0,39083.0,39045.0,-1.0
301,JACINTO MACHADO,-1.0,-1.0,-1.0,-1.0,-1.0,-1.0,10585.0,10562.0,10677.0,10642.0,10608.0,10573.0,10539.0,10457.0,10416.0,10376.0,10337.0
302,JAGUAPITÃ,12939.0,13059.0,13174.0,13287.0,13398.0,13494.0,13620.0,-1.0,-1.0,-1.0,-1.0,-1.0,-1.0,-1.0,12325.0,12421.0,-1.0
303,JAGUARIAÍVA,34096.0,34285.0,34468.0,34647.0,34822.0,34683.0,34857.0,-1.0,-1.0,-1.0,-1.0,-1.0,-1.0,-1.0,32747.0,32882.0,-1.0
304,JAGUARUNA,-1.0,-1.0,-1.0,-1.0,-1.0,-1.0,17496.0,17695.0,18425.0,18704.0,18980.0,19254.0,19527.0,19755.0,20024.0,20288.0,20547.0
305,JANDAIA DO SUL,21057.0,21131.0,21203.0,21273.0,21341.0,21122.0,21176.0,-1.0,-1.0,-1.0,-1.0,-1.0,-1.0,-1.0,20315.0,20359.0,-1.0
306,JANIÓPOLIS,6341.0,6226.0,6114.0,6005.0,5897.0,5400.0,5245.0,-1.0,-1.0,-1.0,-1.0,-1.0,-1.0,-1.0,6413.0,6298.0,-1.0
307,JAPIRA,5058.0,5065.0,5071.0,5078.0,5084.0,4995.0,4994.0,-1.0,-1.0,-1.0,-1.0,-1.0,-1.0,-1.0,4904.0,4904.0,-1.0
308,JAPURÁ,9020.0,9095.0,9167.0,9238.0,9307.0,9349.0,9425.0,-1.0,-1.0,-1.0,-1.0,-1.0,-1.0,-1.0,8610.0,8669.0,-1.0
309,JARAGUÁ DO SUL,-1.0,-1.0,-1.0,-1.0,-1.0,-1.0,145782.0,148353.0,156519.0,160143.0,163735.0,167300.0,170835.0,174158.0,177697.0,181173.0,184579.0
310,JARDIM ALEGRE,12371.0,12280.0,12191.0,12104.0,12019.0,11465.0,11328.0,-1.0,-1.0,-1.0,-1.0,-1.0,-1.0,-1.0,12221.0,12121.0,-1.0
311,JARDIM OLINDA,1424.0,1416.0,1409.0,1403.0,1396.0,1343.0,1331.0,-1.0,-1.0,-1.0,-1.0,-1.0,-1.0,-1.0,1401.0,1392.0,-1.0
312,JARDINÓPOLIS,-1.0,-1.0,-1.0,-1.0,-1.0,-1.0,1749.0,1732.0,1721.0,1697.0,1672.0,1649.0,1625.0,1595.0,1570.0,1546.0,1520.0
313,JATAIZINHO,12387.0,12447.0,12504.0,12560.0,12615.0,12536.0,12588.0,-1.0,-1.0,-1.0,-1.0,-1.0,-1.0,-1.0,11918.0,11958.0,-1.0
314,JESUÍTAS,9072.0,9017.0,8964.0,8912.0,8861.0,8495.0,8412.0,-1.0,-1.0,-1.0,-1.0,-1.0,-1.0,-1.0,8938.0,8876.0,-1.0
315,JOAÇABA,-1.0,-1.0,-1.0,-1.0,-1.0,-1.0,27247.0,27467.0,28398.0,28705.0,29008.0,29310.0,29608.0,29827.0,30118.0,30404.0,30684.0
316,JOAQUIM TÁVORA,11347.0,11447.0,11544.0,11639.0,11731.0,11803.0,11908.0,-1.0,-1.0,-1.0,-1.0,-1.0,-1.0,-1.0,10819.0,10899.0,-1.0
317,JOINVILLE,-1.0,-1.0,-1.0,-1.0,-1.0,-1.0,520905.0,526338.0,546981.0,554601.0,562151.0,569645.0,577077.0,583144.0,590466.0,597658.0,604708.0
318,JOSÉ BOITEUX,-1.0,-1.0,-1.0,-1.0,-1.0,-1.0,4731.0,4741.0,4837.0,4850.0,4862.0,4874.0,4887.0,4985.0,4997.0,5007.0,5019.0
319,JUNDIAÍ DO SUL,3483.0,3469.0,3456.0,3443.0,3430.0,3315.0,3292.0,-1.0,-1.0,-1.0,-1.0,-1.0,-1.0,-1.0,3416.0,3399.0,-1.0
320,JUPIÁ,-1.0,-1.0,-1.0,-1.0,-1.0,-1.0,2143.0,2138.0,2158.0,2150.0,2142.0,2134.0,2127.0,2110.0,2101.0,2092.0,2083.0
321,JURANDA,7755.0,7726.0,7697.0,7669.0,7650.0,7391.0,7340.0,-1.0,-1.0,-1.0,-1.0,-1.0,-1.0,-1.0,7604.0,7567.0,-1.0
322,JUSSARA,6897.0,6931.0,6963.0,6995.0,7026.0,6983.0,7013.0,-1.0,-1.0,-1.0,-1.0,-1.0,-1.0,-1.0,6634.0,6657.0,-1.0
323,KALORÉ,4511.0,4473.0,4438.0,4402.0,4368.0,4154.0,4100.0,-1.0,-1.0,-1.0,-1.0,-1.0,-1.0,-1.0,4465.0,4425.0,-1.0
324,LACERDÓPOLIS,-1.0,-1.0,-1.0,-1.0,-1.0,-1.0,2201.0,2203.0,2242.0,2244.0,2246.0,2249.0,2251.0,2245.0,2246.0,2247.0,2248.0
325,LAGES,-1.0,-1.0,-1.0,-1.0,-1.0,-1.0,156665.0,156604.0,158961.0,158846.0,158732.0,158620.0,158508.0,157743.0,157544.0,157349.0,157158.0
326,LAGUNA,-1.0,-1.0,-1.0,-1.0,-1.0,-1.0,51869.0,42750.0,43979.0,44316.0,44650.0,44982.0,45311.0,45500.0,45814.0,46122.0,46424.0
327,LAJEADO GRANDE,-1.0,-1.0,-1.0,-1.0,-1.0,-1.0,1484.0,1478.0,1488.0,1479.0,1470.0,1461.0,1453.0,1437.0,1427.0,1418.0,1408.0
328,LAPA,47023.0,47294.0,47557.0,47814.0,48067.0,47909.0,48163.0,-1.0,-1.0,-1.0,-1.0,-1.0,-1.0,-1.0,45137.0,45334.0,-1.0
329,LARANJAL,6384.0,6337.0,6292.0,6248.0,6205.0,5921.0,5852.0,-1.0,-1.0,-1.0,-1.0,-1.0,-1.0,-1.0,6308.0,6257.0,-1.0
330,LARANJEIRAS DO SUL,31936.0,32036.0,32133.0,32228.0,32379.0,32006.0,32073.0,-1.0,-1.0,-1.0,-1.0,-1.0,-1.0,-1.0,30835.0,30891.0,-1.0
331,LAURENTINO,-1.0,-1.0,-1.0,-1.0,-1.0,-1.0,6077.0,6147.0,6402.0,6500.0,6598.0,6694.0,6790.0,6875.0,6970.0,7063.0,7154.0
332,LAURO MULLER,-1.0,-1.0,-1.0,-1.0,-1.0,-1.0,14426.0,14483.0,14841.0,14919.0,14996.0,15073.0,15149.0,15174.0,15244.0,15313.0,15380.0
333,LEBON RÉGIS,-1.0,-1.0,-1.0,-1.0,-1.0,-1.0,11850.0,11862.0,12077.0,12091.0,12105.0,12119.0,12133.0,12099.0,12107.0,12115.0,12122.0
334,LEOBERTO LEAL,-1.0,-1.0,-1.0,-1.0,-1.0,-1.0,3337.0,3309.0,3298.0,3258.0,3218.0,3179.0,3140.0,3083.0,3041.0,3000.0,2960.0
335,LEÓPOLIS,4200.0,4182.0,4165.0,4147.0,4131.0,3984.0,3954.0,-1.0,-1.0,-1.0,-1.0,-1.0,-1.0,-1.0,4123.0,4101.0,-1.0
336,LIDIANÓPOLIS,3891.0,3831.0,3774.0,3717.0,3662.0,3391.0,3310.0,-1.0,-1.0,-1.0,-1.0,-1.0,-1.0,-1.0,3911.0,3851.0,-1.0
337,LINDOESTE,5309.0,5247.0,5187.0,5129.0,5071.0,4762.0,4676.0,-1.0,-1.0,-1.0,-1.0,-1.0,-1.0,-1.0,5295.0,5231.0,-1.0
338,LINDÓIA DO SUL,-1.0,-1.0,-1.0,-1.0,-1.0,-1.0,4632.0,4622.0,4674.0,4659.0,4644.0,4630.0,4615.0,4580.0,4563.0,4546.0,4530.0
339,LOANDA,22288.0,22448.0,22603.0,22754.0,22903.0,22927.0,23086.0,-1.0,-1.0,-1.0,-1.0,-1.0,-1.0,-1.0,21328.0,21451.0,-1.0
340,LOBATO,4626.0,4658.0,4690.0,4721.0,4751.0,4755.0,4787.0,-1.0,-1.0,-1.0,-1.0,-1.0,-1.0,-1.0,4427.0,4452.0,-1.0
341,LONDRINA,537566.0,543003.0,548249.0,553393.0,558439.0,563943.0,569733.0,-1.0,-1.0,-1.0,-1.0,-1.0,-1.0,-1.0,511279.0,515707.0,-1.0
342,LONTRAS,-1.0,-1.0,-1.0,-1.0,-1.0,-1.0,10387.0,10526.0,11005.0,11200.0,11393.0,11584.0,11774.0,11942.0,12130.0,12315.0,12497.0
343,LUIZ ALVES,-1.0,-1.0,-1.0,-1.0,-1.0,-1.0,10628.0,10811.0,11395.0,11653.0,11908.0,12162.0,12413.0,12609.0,12859.0,13107.0,13347.0
344,LUIZIANA,7487.0,7479.0,7471.0,7463.0,7455.0,7285.0,7262.0,-1.0,-1.0,-1.0,-1.0,-1.0,-1.0,-1.0,7298.0,7282.0,-1.0
345,LUNARDELLI,5193.0,5159.0,5127.0,5095.0,5063.0,4845.0,4794.0,-1.0,-1.0,-1.0,-1.0,-1.0,-1.0,-1.0,5122.0,5084.0,-1.0
346,LUPIONÓPOLIS,4805.0,4832.0,4859.0,4885.0,4911.0,4894.0,4920.0,-1.0,-1.0,-1.0,-1.0,-1.0,-1.0,-1.0,4613.0,4633.0,-1.0
347,LUZERNA,-1.0,-1.0,-1.0,-1.0,-1.0,-1.0,5603.0,5605.0,5698.0,5700.0,5701.0,5703.0,5705.0,5686.0,5685.0,5684.0,5683.0
348,MACIEIRA,-1.0,-1.0,-1.0,-1.0,-1.0,-1.0,1821.0,1815.0,1831.0,1823.0,1815.0,1807.0,1799.0,1784.0,1775.0,1766.0,1757.0
349,MAFRA,-1.0,-1.0,-1.0,-1.0,-1.0,-1.0,53141.0,53361.0,54708.0,55012.0,55313.0,55611.0,55907.0,56017.0,56292.0,56561.0,56825.0
350,MAJOR GERCINO,-1.0,-1.0,-1.0,-1.0,-1.0,-1.0,3290.0,3300.0,3375.0,3389.0,3402.0,3416.0,3429.0,3430.0,3442.0,3454.0,3465.0
351,MAJOR VIEIRA,-1.0,-1.0,-1.0,-1.0,-1.0,-1.0,7523.0,7566.0,7782.0,7841.0,7899.0,7957.0,8015.0,8048.0,8103.0,8156.0,8209.0
352,MALLET,13475.0,13522.0,13567.0,13611.0,13738.0,13595.0,13630.0,-1.0,-1.0,-1.0,-1.0,-1.0,-1.0,-1.0,13002.0,13030.0,-1.0
353,MAMBORÊ,14095.0,14017.0,13943.0,13870.0,13798.0,13252.0,13132.0,-1.0,-1.0,-1.0,-1.0,-1.0,-1.0,-1.0,13870.0,13781.0,-1.0
354,MANDAGUAÇU,21156.0,21419.0,21672.0,21920.0,22164.0,22531.0,22819.0,-1.0,-1.0,-1.0,-1.0,-1.0,-1.0,-1.0,20008.0,20227.0,-1.0
355,MANDAGUARI,34006.0,34150.0,34289.0,34425.0,34559.0,34281.0,34400.0,-1.0,-1.0,-1.0,-1.0,-1.0,-1.0,-1.0,32755.0,32849.0,-1.0
356,MANDIRITUBA,24112.0,24516.0,24905.0,25287.0,25662.0,26411.0,26869.0,-1.0,-1.0,-1.0,-1.0,-1.0,-1.0,-1.0,22580.0,22927.0,-1.0
357,MANFRINÓPOLIS,3053.0,3003.0,2954.0,2907.0,2861.0,2639.0,2571.0,-1.0,-1.0,-1.0,-1.0,-1.0,-1.0,-1.0,3076.0,3026.0,-1.0
358,MANGUEIRINHA,17402.0,17367.0,17334.0,17301.0,17269.0,16787.0,16714.0,-1.0,-1.0,-1.0,-1.0,-1.0,-1.0,-1.0,16994.0,16941.0,-1.0
359,MANOEL RIBAS,13610.0,13635.0,13660.0,13684.0,13708.0,13494.0,13502.0,-1.0,-1.0,-1.0,-1.0,-1.0,-1.0,-1.0,13177.0,13185.0,-1.0
360,MARACAJÁ,-1.0,-1.0,-1.0,-1.0,-1.0,-1.0,6471.0,6535.0,6784.0,6873.0,6963.0,7051.0,7139.0,7207.0,7293.0,7378.0,7461.0
361,MARAVILHA,-1.0,-1.0,-1.0,-1.0,-1.0,-1.0,22376.0,22642.0,23602.0,23975.0,24345.0,24712.0,25076.0,25403.0,25762.0,26116.0,26463.0
362,MARECHAL CÂNDIDO RONDON,49773.0,50299.0,50808.0,51306.0,51795.0,52379.0,52944.0,-1.0,-1.0,-1.0,-1.0,-1.0,-1.0,-1.0,47266.0,47697.0,-1.0
363,MAREMA,-1.0,-1.0,-1.0,-1.0,-1.0,-1.0,2169.0,2136.0,2094.0,2046.0,1999.0,1952.0,1906.0,1846.0,1797.0,1750.0,1703.0
364,MARIA HELENA,6034.0,6007.0,5982.0,5957.0,5932.0,5720.0,5677.0,-1.0,-1.0,-1.0,-1.0,-1.0,-1.0,-1.0,5924.0,5892.0,-1.0
365,MARIALVA,33794.0,34096.0,34388.0,34675.0,34955.0,35180.0,35496.0,-1.0,-1.0,-1.0,-1.0,-1.0,-1.0,-1.0,32209.0,32451.0,-1.0
366,MARILÂNDIA DO SUL,9088.0,9083.0,9078.0,9073.0,9068.0,8858.0,8836.0,-1.0,-1.0,-1.0,-1.0,-1.0,-1.0,-1.0,8848.0,8832.0,-1.0
367,MARILENA,7100.0,7117.0,7134.0,7150.0,7166.0,7067.0,7076.0,-1.0,-1.0,-1.0,-1.0,-1.0,-1.0,-1.0,6866.0,6874.0,-1.0
368,MARILUZ,10526.0,10534.0,10541.0,10548.0,10555.0,10354.0,10345.0,-1.0,-1.0,-1.0,-1.0,-1.0,-1.0,-1.0,10219.0,10214.0,-1.0
369,MARINGÁ,385753.0,391698.0,397437.0,403063.0,406693.0,417010.0,423666.0,-1.0,-1.0,-1.0,-1.0,-1.0,-1.0,-1.0,362329.0,367410.0,-1.0
370,MARIÓPOLIS,6529.0,6558.0,6585.0,6612.0,6638.0,6586.0,6610.0,-1.0,-1.0,-1.0,-1.0,-1.0,-1.0,-1.0,6288.0,6306.0,-1.0
371,MARIPÁ,5810.0,5802.0,5793.0,5784.0,5776.0,5624.0,5603.0,-1.0,-1.0,-1.0,-1.0,-1.0,-1.0,-1.0,5669.0,5654.0,-1.0
372,MARMELEIRO,14397.0,14434.0,14470.0,14505.0,14539.0,14346.0,14367.0,-1.0,-1.0,-1.0,-1.0,-1.0,-1.0,-1.0,13919.0,13936.0,-1.0
373,MARQUINHO,4965.0,4917.0,4871.0,4826.0,4725.0,4472.0,4405.0,-1.0,-1.0,-1.0,-1.0,-1.0,-1.0,-1.0,4929.0,4879.0,-1.0
374,MARUMBI,4745.0,4750.0,4755.0,4760.0,4765.0,4681.0,4679.0,-1.0,-1.0,-1.0,-1.0,-1.0,-1.0,-1.0,4603.0,4602.0,-1.0
375,MASSARANDUBA,-1.0,-1.0,-1.0,-1.0,-1.0,-1.0,14837.0,14993.0,15586.0,15806.0,16024.0,16240.0,16455.0,16704.0,16916.0,17125.0,17330.0
376,MATELÂNDIA,17026.0,17186.0,17340.0,17491.0,17640.0,17775.0,17943.0,-1.0,-1.0,-1.0,-1.0,-1.0,-1.0,-1.0,16212.0,16340.0,-1.0
377,MATINHOS,31690.0,32148.0,32591.0,33024.0,33450.0,34207.0,34720.0,-1.0,-1.0,-1.0,-1.0,-1.0,-1.0,-1.0,29831.0,30220.0,-1.0
378,MATO RICO,3765.0,3716.0,3668.0,3622.0,3576.0,3340.0,3272.0,-1.0,-1.0,-1.0,-1.0,-1.0,-1.0,-1.0,3766.0,3716.0,-1.0
379,MATOS COSTA,-1.0,-1.0,-1.0,-1.0,-1.0,-1.0,2811.0,2784.0,2767.0,2729.0,2690.0,2652.0,2614.0,2560.0,2520.0,2480.0,2442.0
380,MAUÁ DA SERRA,9355.0,9534.0,9705.0,9874.0,10039.0,10397.0,10601.0,-1.0,-1.0,-1.0,-1.0,-1.0,-1.0,-1.0,8715.0,8870.0,-1.0
381,MEDIANEIRA,44149.0,44523.0,44885.0,45239.0,45586.0,45812.0,46198.0,-1.0,-1.0,-1.0,-1.0,-1.0,-1.0,-1.0,42124.0,42420.0,-1.0
382,MELEIRO,-1.0,-1.0,-1.0,-1.0,-1.0,-1.0,6994.0,6988.0,7085.0,7076.0,7066.0,7056.0,7047.0,7028.0,7015.0,7001.0,6989.0
383,MERCEDES,5316.0,5357.0,5398.0,5437.0,5476.0,5493.0,5536.0,-1.0,-1.0,-1.0,-1.0,-1.0,-1.0,-1.0,5080.0,5113.0,-1.0
384,MIRADOR,2355.0,2345.0,2334.0,2324.0,2314.0,2231.0,2213.0,-1.0,-1.0,-1.0,-1.0,-1.0,-1.0,-1.0,2314.0,2301.0,-1.0
385,MIRASELVA,1896.0,1890.0,1885.0,1880.0,1875.0,1816.0,1806.0,-1.0,-1.0,-1.0,-1.0,-1.0,-1.0,-1.0,1855.0,1848.0,-1.0
386,MIRIM DOCE,-1.0,-1.0,-1.0,-1.0,-1.0,-1.0,2495.0,2477.0,2476.0,2450.0,2424.0,2399.0,2374.0,2336.0,2309.0,2283.0,2257.0
387,MISSAL,10813.0,10830.0,10847.0,10863.0,10879.0,10700.0,10702.0,-1.0,-1.0,-1.0,-1.0,-1.0,-1.0,-1.0,10478.0,10481.0,-1.0
388,MODELO,-1.0,-1.0,-1.0,-1.0,-1.0,-1.0,4054.0,4063.0,4147.0,4158.0,4169.0,4181.0,4192.0,4200.0,4209.0,4218.0,4227.0
389,MONDAÍ,-1.0,-1.0,-1.0,-1.0,-1.0,-1.0,10347.0,10458.0,10877.0,11034.0,11189.0,11343.0,11496.0,11592.0,11742.0,11889.0,12034.0
390,MONTE CARLO,-1.0,-1.0,-1.0,-1.0,-1.0,-1.0,9347.0,9381.0,9604.0,9650.0,9695.0,9740.0,9785.0,9824.0,9866.0,9906.0,9945.0
391,MONTE CASTELO,-1.0,-1.0,-1.0,-1.0,-1.0,-1.0,8346.0,8346.0,8478.0,8476.0,8475.0,8473.0,8471.0,8280.0,8275.0,8269.0,8263.0
392,MOREIRA SALES,12800.0,12754.0,12709.0,12664.0,12621.0,12201.0,12121.0,-1.0,-1.0,-1.0,-1.0,-1.0,-1.0,-1.0,12546.0,12487.0,-1.0
393,MORRETES,16325.0,16381.0,16435.0,16488.0,16540.0,16366.0,16406.0,-1.0,-1.0,-1.0,-1.0,-1.0,-1.0,-1.0,15753.0,15785.0,-1.0
394,MORRO DA FUMAÇA,-1.0,-1.0,-1.0,-1.0,-1.0,-1.0,16247.0,16364.0,16888.0,17052.0,17213.0,17373.0,17532.0,17642.0,17796.0,17947.0,18095.0
395,MORRO GRANDE,-1.0,-1.0,-1.0,-1.0,-1.0,-1.0,2888.0,2886.0,2928.0,2925.0,2921.0,2918.0,2915.0,2898.0,2893.0,2888.0,2884.0
396,MUNHOZ DE MELO,3857.0,3883.0,3909.0,3934.0,3958.0,3958.0,3984.0,-1.0,-1.0,-1.0,-1.0,-1.0,-1.0,-1.0,3693.0,3713.0,-1.0
397,NAVEGANTES,-1.0,-1.0,-1.0,-1.0,-1.0,-1.0,62187.0,63764.0,68337.0,70565.0,72772.0,74964.0,77137.0,79285.0,81475.0,83626.0,85734.0
398,NOSSA SENHORA DAS GRAÇAS,4053.0,4059.0,4064.0,4070.0,4075.0,4008.0,4008.0,-1.0,-1.0,-1.0,-1.0,-1.0,-1.0,-1.0,3929.0,3930.0,-1.0
399,NOVA ALIANÇA DO IVAÍ,1500.0,1509.0,1518.0,1527.0,1536.0,1534.0,1543.0,-1.0,-1.0,-1.0,-1.0,-1.0,-1.0,-1.0,1439.0,1446.0,-1.0
400,NOVA AMÉRICA DA COLINA,3560.0,3556.0,3553.0,3549.0,3545.0,3456.0,3445.0,-1.0,-1.0,-1.0,-1.0,-1.0,-1.0,-1.0,3470.0,3462.0,-1.0
401,NOVA AURORA,11786.0,11659.0,11537.0,11418.0,11300.0,10650.0,10472.0,-1.0,-1.0,-1.0,-1.0,-1.0,-1.0,-1.0,11730.0,11598.0,-1.0
402,NOVA CANTU,7023.0,6833.0,6650.0,6471.0,6295.0,5550.0,5302.0,-1.0,-1.0,-1.0,-1.0,-1.0,-1.0,-1.0,7234.0,7050.0,-1.0
403,NOVA ERECHIM,-1.0,-1.0,-1.0,-1.0,-1.0,-1.0,4332.0,4386.0,4577.0,4654.0,4729.0,4804.0,4879.0,4945.0,5019.0,5092.0,5163.0
404,NOVA ESPERANÇA,27678.0,27783.0,27886.0,27986.0,28084.0,27821.0,27904.0,-1.0,-1.0,-1.0,-1.0,-1.0,-1.0,-1.0,26684.0,26749.0,-1.0
405,NOVA ESPERANÇA DO SUDOESTE,5218.0,5211.0,5206.0,5200.0,5194.0,5063.0,5046.0,-1.0,-1.0,-1.0,-1.0,-1.0,-1.0,-1.0,5086.0,5074.0,-1.0
406,NOVA FÁTIMA,8363.0,8361.0,8359.0,8357.0,8356.0,8170.0,8153.0,-1.0,-1.0,-1.0,-1.0,-1.0,-1.0,-1.0,8135.0,8124.0,-1.0
407,NOVA ITABERABA,-1.0,-1.0,-1.0,-1.0,-1.0,-1.0,4268.0,4269.0,4338.0,4338.0,4339.0,4339.0,4339.0,4333.0,4331.0,4329.0,4327.0
408,NOVA LARANJEIRAS,12010.0,11988.0,11968.0,11947.0,11927.0,11603.0,11554.0,-1.0,-1.0,-1.0,-1.0,-1.0,-1.0,-1.0,11206.0,11690.0,-1.0
409,NOVA LONDRINA,13452.0,13461.0,13470.0,13478.0,13486.0,13225.0,13213.0,-1.0,-1.0,-1.0,-1.0,-1.0,-1.0,-1.0,13060.0,13052.0,-1.0
410,NOVA OLÍMPIA,5733.0,5758.0,5782.0,5806.0,5829.0,5785.0,5806.0,-1.0,-1.0,-1.0,-1.0,-1.0,-1.0,-1.0,5521.0,5537.0,-1.0
411,NOVA PRATA DO IGUAÇU,10698.0,10710.0,10722.0,10733.0,10745.0,10552.0,10548.0,-1.0,-1.0,-1.0,-1.0,-1.0,-1.0,-1.0,10376.0,10374.0,-1.0
412,NOVA SANTA BÁRBARA,4106.0,4135.0,4163.0,4190.0,4217.0,4220.0,4249.0,-1.0,-1.0,-1.0,-1.0,-1.0,-1.0,-1.0,3931.0,3953.0,-1.0
413,NOVA SANTA ROSA,7994.0,8044.0,8092.0,8140.0,8186.0,8171.0,8219.0,-1.0,-1.0,-1.0,-1.0,-1.0,-1.0,-1.0,7665.0,7702.0,-1.0
414,NOVA TEBAS,7100.0,6943.0,6792.0,6644.0,6498.0,5856.0,5649.0,-1.0,-1.0,-1.0,-1.0,-1.0,-1.0,-1.0,7239.0,7085.0,-1.0
415,NOVA TRENTO,-1.0,-1.0,-1.0,-1.0,-1.0,-1.0,12370.0,12544.0,13135.0,13379.0,13621.0,13861.0,14099.0,14312.0,14549.0,14782.0,15010.0
416,NOVA VENEZA,-1.0,-1.0,-1.0,-1.0,-1.0,-1.0,13448.0,13581.0,14098.0,14285.0,14470.0,14654.0,14837.0,14987.0,15166.0,15342.0,15515.0
417,NOVO HORIZONTE,-1.0,-1.0,-1.0,-1.0,-1.0,-1.0,2724.0,2697.0,2681.0,2643.0,2606.0,2569.0,2532.0,2481.0,2442.0,2404.0,2366.0
418,NOVO ITACOLOMI,2906.0,2906.0,2907.0,2907.0,2908.0,2848.0,2844.0,-1.0,-1.0,-1.0,-1.0,-1.0,-1.0,-1.0,2825.0,2822.0,-1.0
419,ORLEANS,-1.0,-1.0,-1.0,-1.0,-1.0,-1.0,21498.0,21599.0,22171.0,22311.0,22449.0,22587.0,22723.0,22785.0,22912.0,23038.0,23161.0
420,ORTIGUEIRA,23646.0,23530.0,23418.0,23308.0,23200.0,22327.0,22141.0,-1.0,-1.0,-1.0,-1.0,-1.0,-1.0,-1.0,23240.0,23103.0,-1.0
421,OTACÍLIO COSTA,-1.0,-1.0,-1.0,-1.0,-1.0,-1.0,16517.0,16691.0,17349.0,17593.0,17835.0,18075.0,18313.0,18510.0,18744.0,18975.0,19201.0
422,OURIZONA,3482.0,3485.0,3488.0,3491.0,3494.0,3430.0,3428.0,-1.0,-1.0,-1.0,-1.0,-1.0,-1.0,-1.0,3379.0,3378.0,-1.0
423,OURO,-1.0,-1.0,-1.0,-1.0,-1.0,-1.0,7360.0,7348.0,7436.0,7418.0,7399.0,7381.0,7363.0,7317.0,7295.0,7272.0,7251.0
424,OURO VERDE,-1.0,-1.0,-1.0,-1.0,-1.0,-1.0,2265.0,2259.0,2281.0,2272.0,2263.0,2254.0,2245.0,2227.0,2217.0,2207.0,2197.0
425,OURO VERDE DO OESTE,5927.0,5952.0,5976.0,6000.0,6023.0,5975.0,5996.0,-1.0,-1.0,-1.0,-1.0,-1.0,-1.0,-1.0,5709.0,5726.0,-1.0
426,PAIAL,-1.0,-1.0,-1.0,-1.0,-1.0,-1.0,1741.0,1720.0,1698.0,1668.0,1637.0,1607.0,1577.0,1537.0,1505.0,1474.0,1444.0
427,PAIÇANDU,38385.0,38846.0,39291.0,39728.0,40156.0,40777.0,41281.0,-1.0,-1.0,-1.0,-1.0,-1.0,-1.0,-1.0,36333.0,36717.0,-1.0
428,PAINEL,-1.0,-1.0,-1.0,-1.0,-1.0,-1.0,2352.0,2351.0,2385.0,2383.0,2381.0,2378.0,2376.0,2363.0,2359.0,2356.0,2352.0
429,PALHOÇA,-1.0,-1.0,-1.0,-1.0,-1.0,-1.0,139990.0,142558.0,150623.0,154244.0,157833.0,161395.0,164926.0,168259.0,171797.0,175272.0,178679.0
430,PALMA SOLA,-1.0,-1.0,-1.0,-1.0,-1.0,-1.0,7732.0,7699.0,7747.0,7699.0,7652.0,7604.0,7558.0,7475.0,7423.0,7372.0,7321.0
431,PALMAS,46294.0,46996.0,47674.0,48339.0,48990.0,50198.0,50986.0,-1.0,-1.0,-1.0,-1.0,-1.0,-1.0,-1.0,43508.0,44107.0,-1.0
432,PALMEIRA,33469.0,33613.0,33753.0,33889.0,34023.0,33757.0,36269.0,2410.0,2488.0,2512.0,2537.0,2562.0,2586.0,2603.0,34859.0,34976.0,2673.0
433,PALMITAL,14780.0,14626.0,14477.0,14332.0,14189.0,13389.0,13172.0,-1.0,-1.0,-1.0,-1.0,-1.0,-1.0,-1.0,14699.0,14538.0,-1.0
434,PALMITOS,-1.0,-1.0,-1.0,-1.0,-1.0,-1.0,16019.0,16018.0,16270.0,16266.0,16262.0,16257.0,16253.0,16182.0,16169.0,16157.0,16144.0
435,PALOTINA,30327.0,30598.0,30859.0,31115.0,31366.0,31564.0,31846.0,-1.0,-1.0,-1.0,-1.0,-1.0,-1.0,-1.0,28907.0,29123.0,-1.0
436,PAPANDUVA,-1.0,-1.0,-1.0,-1.0,-1.0,-1.0,18013.0,18096.0,18568.0,18681.0,18793.0,18905.0,19015.0,19218.0,19320.0,19422.0,19521.0
437,PARAÍSO,-1.0,-1.0,-1.0,-1.0,-1.0,-1.0,4026.0,3972.0,3915.0,3838.0,3763.0,3688.0,3613.0,3515.0,3437.0,3360.0,3284.0
438,PARAÍSO DO NORTE,12661.0,12839.0,13011.0,13180.0,13345.0,13631.0,13830.0,-1.0,-1.0,-1.0,-1.0,-1.0,-1.0,-1.0,11929.0,12079.0,-1.0
439,PARANACITY,10863.0,10968.0,11069.0,11168.0,11265.0,11361.0,11472.0,-1.0,-1.0,-1.0,-1.0,-1.0,-1.0,-1.0,10338.0,10423.0,-1.0
440,PARANAGUÁ,148232.0,149467.0,150660.0,151829.0,152975.0,153666.0,154936.0,-1.0,-1.0,-1.0,-1.0,-1.0,-1.0,-1.0,141477.0,142452.0,-1.0
441,PARANAPOEMA,2980.0,3016.0,3050.0,3084.0,3117.0,3164.0,3203.0,-1.0,-1.0,-1.0,-1.0,-1.0,-1.0,-1.0,2822.0,2852.0,-1.0
442,PARANAVAÍ,85643.0,86218.0,86773.0,87316.0,87850.0,87813.0,88374.0,-1.0,-1.0,-1.0,-1.0,-1.0,-1.0,-1.0,82039.0,82472.0,-1.0
443,PASSO DE TORRES,-1.0,-1.0,-1.0,-1.0,-1.0,-1.0,6798.0,6964.0,7447.0,7681.0,7912.0,8142.0,8370.0,8594.0,8823.0,9048.0,9269.0
444,PASSOS MAIA,-1.0,-1.0,-1.0,-1.0,-1.0,-1.0,4400.0,4374.0,4387.0,4351.0,4314.0,4279.0,4243.0,4186.0,4147.0,4109.0,4072.0
445,PATO BRAGADO,5170.0,5239.0,5304.0,5369.0,5432.0,5535.0,5610.0,-1.0,-1.0,-1.0,-1.0,-1.0,-1.0,-1.0,4882.0,4939.0,-1.0
446,PATO BRANCO,77230.0,78136.0,79011.0,79869.0,80710.0,81893.0,82881.0,-1.0,-1.0,-1.0,-1.0,-1.0,-1.0,-1.0,73148.0,73901.0,-1.0
447,PAULA FREITAS,5700.0,5737.0,5773.0,5808.0,5842.0,5837.0,5873.0,-1.0,-1.0,-1.0,-1.0,-1.0,-1.0,-1.0,5463.0,5491.0,-1.0
448,PAULO FRONTIN,7219.0,7256.0,7291.0,7326.0,7360.0,7321.0,7354.0,-1.0,-1.0,-1.0,-1.0,-1.0,-1.0,-1.0,6940.0,6966.0,-1.0
449,PAULO LOPES,-1.0,-1.0,-1.0,-1.0,-1.0,-1.0,6751.0,6808.0,7045.0,7124.0,7203.0,7282.0,7360.0,7418.0,7494.0,7569.0,7642.0
450,PEABIRU,14087.0,14116.0,14144.0,14171.0,14198.0,13985.0,13996.0,-1.0,-1.0,-1.0,-1.0,-1.0,-1.0,-1.0,13635.0,13645.0,-1.0
451,PEDRAS GRANDES,-1.0,-1.0,-1.0,-1.0,-1.0,-1.0,4093.0,4078.0,4110.0,4089.0,4068.0,4047.0,4026.0,4000.0,3976.0,3953.0,3931.0
452,PENHA,-1.0,-1.0,-1.0,-1.0,-1.0,-1.0,25714.0,26268.0,27936.0,28718.0,29493.0,30262.0,31025.0,31764.0,32531.0,33284.0,34022.0
453,PERITIBA,-1.0,-1.0,-1.0,-1.0,-1.0,-1.0,2970.0,2952.0,2958.0,2931.0,2906.0,2880.0,2855.0,2814.0,2787.0,2760.0,2733.0
454,PEROBAL,5923.0,5960.0,5995.0,6029.0,6105.0,6092.0,6127.0,-1.0,-1.0,-1.0,-1.0,-1.0,-1.0,-1.0,5681.0,5708.0,-1.0
455,PÉROLA,10765.0,10852.0,10937.0,11020.0,11101.0,11144.0,11234.0,-1.0,-1.0,-1.0,-1.0,-1.0,-1.0,-1.0,10280.0,10348.0,-1.0
456,PÉROLA D'OESTE,6822.0,6783.0,6746.0,6710.0,6674.0,6407.0,6347.0,-1.0,-1.0,-1.0,-1.0,-1.0,-1.0,-1.0,6716.0,6672.0,-1.0
457,PESCARIA BRAVA,-1.0,-1.0,-1.0,-1.0,-1.0,-1.0,-1.0,9416.0,9687.0,9761.0,9835.0,9908.0,9980.0,10022.0,10091.0,10159.0,10225.0
458,PETROLÂNDIA,-1.0,-1.0,-1.0,-1.0,-1.0,-1.0,6110.0,6090.0,6140.0,6110.0,6080.0,6051.0,6021.0,5971.0,5937.0,5905.0,5873.0
459,PIÊN,11956.0,12086.0,12211.0,12334.0,12455.0,12606.0,12746.0,-1.0,-1.0,-1.0,-1.0,-1.0,-1.0,-1.0,11347.0,11454.0,-1.0
460,PINHAIS,124528.0,125808.0,127045.0,128256.0,129445.0,130789.0,132157.0,-1.0,-1.0,-1.0,-1.0,-1.0,-1.0,-1.0,118334.0,119379.0,-1.0
461,PINHAL DE SÃO BENTO,2724.0,2732.0,2740.0,2749.0,2757.0,2725.0,2731.0,-1.0,-1.0,-1.0,-1.0,-1.0,-1.0,-1.0,2630.0,2635.0,-1.0
462,PINHALÃO,6409.0,6417.0,6425.0,6433.0,6440.0,6327.0,6326.0,-1.0,-1.0,-1.0,-1.0,-1.0,-1.0,-1.0,6215.0,6215.0,-1.0
463,PINHALZINHO,-1.0,-1.0,-1.0,-1.0,-1.0,-1.0,16638.0,16933.0,17868.0,18284.0,18696.0,19105.0,19511.0,19906.0,20313.0,20712.0,21103.0
464,PINHÃO,31617.0,31800.0,31978.0,32152.0,32322.0,32219.0,32391.0,-1.0,-1.0,-1.0,-1.0,-1.0,-1.0,-1.0,30347.0,30480.0,-1.0
465,PINHEIRO PRETO,-1.0,-1.0,-1.0,-1.0,-1.0,-1.0,3180.0,3190.0,3310.0,3353.0,3396.0,3438.0,3480.0,3513.0,3555.0,3596.0,3635.0
466,PIRAÍ DO SUL,24613.0,24786.0,24953.0,25117.0,25277.0,25291.0,25463.0,-1.0,-1.0,-1.0,-1.0,-1.0,-1.0,-1.0,23561.0,23693.0,-1.0
467,PIRAQUARA,101053.0,102798.0,104481.0,106132.0,107751.0,111052.0,113036.0,-1.0,-1.0,-1.0,-1.0,-1.0,-1.0,-1.0,94518.0,96023.0,-1.0
468,PIRATUBA,-1.0,-1.0,-1.0,-1.0,-1.0,-1.0,4708.0,4632.0,4533.0,4424.0,4316.0,4209.0,4102.0,3965.0,3854.0,3745.0,3637.0
469,PITANGA,32841.0,32626.0,32419.0,32215.0,32015.0,30635.0,30310.0,-1.0,-1.0,-1.0,-1.0,-1.0,-1.0,-1.0,32391.0,32152.0,-1.0
470,PITANGUEIRAS,3004.0,3039.0,3073.0,3107.0,3140.0,3185.0,3224.0,-1.0,-1.0,-1.0,-1.0,-1.0,-1.0,-1.0,2845.0,2874.0,-1.0
471,PLANALTINA DO PARANÁ,4250.0,4264.0,4277.0,4290.0,4303.0,4254.0,4263.0,-1.0,-1.0,-1.0,-1.0,-1.0,-1.0,-1.0,4103.0,4111.0,-1.0
472,PLANALTO,13964.0,13944.0,13926.0,13907.0,13889.0,13528.0,13479.0,-1.0,-1.0,-1.0,-1.0,-1.0,-1.0,-1.0,13619.0,13584.0,-1.0
473,PLANALTO ALEGRE,-1.0,-1.0,-1.0,-1.0,-1.0,-1.0,2670.0,2685.0,2761.0,2782.0,2803.0,2823.0,2844.0,2850.0,2870.0,2888.0,2907.0
474,POMERODE,-1.0,-1.0,-1.0,-1.0,-1.0,-1.0,28192.0,28610.0,30009.0,30598.0,31181.0,31760.0,32334.0,32874.0,33447.0,34010.0,34561.0
475,PONTA GROSSA,331084.0,334535.0,337865.0,341130.0,344332.0,348043.0,351736.0,-1.0,-1.0,-1.0,-1.0,-1.0,-1.0,-1.0,314518.0,317339.0,-1.0
476,PONTAL DO PARANÁ,23261.0,23816.0,24352.0,24878.0,25393.0,26636.0,27284.0,-1.0,-1.0,-1.0,-1.0,-1.0,-1.0,-1.0,21427.0,21917.0,-1.0
477,PONTE ALTA,-1.0,-1.0,-1.0,-1.0,-1.0,-1.0,4873.0,4853.0,4885.0,4855.0,4825.0,4796.0,4767.0,4714.0,4682.0,4650.0,4619.0
478,PONTE ALTA DO NORTE,-1.0,-1.0,-1.0,-1.0,-1.0,-1.0,3310.0,3316.0,3381.0,3389.0,3397.0,3405.0,3413.0,3408.0,3414.0,3420.0,3426.0
479,PONTE SERRADA,-1.0,-1.0,-1.0,-1.0,-1.0,-1.0,11068.0,11102.0,11358.0,11405.0,11452.0,11499.0,11545.0,11552.0,11593.0,11634.0,11674.0
480,PORECATU,14203.0,14086.0,13973.0,13863.0,13754.0,13084.0,12914.0,-1.0,-1.0,-1.0,-1.0,-1.0,-1.0,-1.0,14060.0,13934.0,-1.0
481,PORTO AMAZONAS,4727.0,4755.0,4782.0,4809.0,4835.0,4821.0,4848.0,-1.0,-1.0,-1.0,-1.0,-1.0,-1.0,-1.0,4536.0,4556.0,-1.0
482,PORTO BARREIRO,3640.0,3601.0,3564.0,3527.0,3491.0,3292.0,3237.0,-1.0,-1.0,-1.0,-1.0,-1.0,-1.0,-1.0,3622.0,3582.0,-1.0
483,PORTO BELO,-1.0,-1.0,-1.0,-1.0,-1.0,-1.0,16496.0,16896.0,18066.0,18630.0,19189.0,19744.0,20294.0,20834.0,21388.0,21932.0,22466.0
484,PORTO RICO,2605.0,2606.0,2608.0,2610.0,2611.0,2561.0,2559.0,-1.0,-1.0,-1.0,-1.0,-1.0,-1.0,-1.0,2529.0,2527.0,-1.0
485,PORTO UNIÃO,-1.0,-1.0,-1.0,-1.0,-1.0,-1.0,33619.0,33740.0,34551.0,34717.0,34882.0,35045.0,35207.0,35250.0,35398.0,35543.0,35685.0
486,PORTO VITÓRIA,4138.0,4141.0,4143.0,4146.0,4148.0,4068.0,4065.0,-1.0,-1.0,-1.0,-1.0,-1.0,-1.0,-1.0,4018.0,4016.0,-1.0
487,POUSO REDONDO,-1.0,-1.0,-1.0,-1.0,-1.0,-1.0,15011.0,15204.0,15882.0,16154.0,16424.0,16692.0,16957.0,17189.0,17453.0,17712.0,17965.0
488,PRADO FERREIRA,3614.0,3641.0,3668.0,3693.0,3718.0,3726.0,3753.0,-1.0,-1.0,-1.0,-1.0,-1.0,-1.0,-1.0,3456.0,3477.0,-1.0
489,PRAIA GRANDE,-1.0,-1.0,-1.0,-1.0,-1.0,-1.0,7266.0,7265.0,7377.0,7374.0,7370.0,7367.0,7364.0,7326.0,7319.0,7312.0,7305.0
490,PRANCHITA,5643.0,5600.0,5558.0,5517.0,5477.0,5221.0,5157.0,-1.0,-1.0,-1.0,-1.0,-1.0,-1.0,-1.0,5580.0,5533.0,-1.0
491,PRESIDENTE CASTELLO BRANCO,-1.0,-1.0,-1.0,-1.0,-1.0,-1.0,1711.0,1697.0,1691.0,1670.0,1650.0,1630.0,1610.0,1590.0,1568.0,1547.0,1526.0
492,PRESIDENTE CASTELO BRANCO,5056.0,5101.0,5144.0,5186.0,5227.0,5260.0,5306.0,-1.0,-1.0,-1.0,-1.0,-1.0,-1.0,-1.0,4821.0,4857.0,-1.0
493,PRESIDENTE GETÚLIO,-1.0,-1.0,-1.0,-1.0,-1.0,-1.0,15084.0,15273.0,15943.0,16210.0,16474.0,16736.0,16996.0,17215.0,17471.0,17726.0,17973.0
494,PRESIDENTE NEREU,-1.0,-1.0,-1.0,-1.0,-1.0,-1.0,2283.0,2281.0,2314.0,2312.0,2309.0,2306.0,2304.0,2290.0,2287.0,2283.0,2279.0
495,PRIMEIRO DE MAIO,11199.0,11222.0,11243.0,11265.0,11286.0,11114.0,11123.0,-1.0,-1.0,-1.0,-1.0,-1.0,-1.0,-1.0,10840.0,10848.0,-1.0
496,PRINCESA,-1.0,-1.0,-1.0,-1.0,-1.0,-1.0,2770.0,2780.0,2848.0,2862.0,2877.0,2891.0,2906.0,2911.0,2924.0,2937.0,2950.0
497,PRUDENTÓPOLIS,50983.0,51281.0,51567.0,51849.0,52125.0,51961.0,52241.0,-1.0,-1.0,-1.0,-1.0,-1.0,-1.0,-1.0,48933.0,49150.0,-1.0
498,QUARTO CENTENÁRIO,4887.0,4855.0,4824.0,4794.0,4764.0,4560.0,4512.0,-1.0,-1.0,-1.0,-1.0,-1.0,-1.0,-1.0,4820.0,4784.0,-1.0
499,QUATIGUÁ,7344.0,7377.0,7410.0,7441.0,7472.0,7420.0,7449.0,-1.0,-1.0,-1.0,-1.0,-1.0,-1.0,-1.0,7069.0,7091.0,-1.0
500,QUATRO BARRAS,21417.0,21738.0,22048.0,22353.0,22651.0,23199.0,23559.0,-1.0,-1.0,-1.0,-1.0,-1.0,-1.0,-1.0,20135.0,20409.0,-1.0
501,QUATRO PONTES,3963.0,3981.0,3998.0,4014.0,4031.0,4000.0,4015.0,-1.0,-1.0,-1.0,-1.0,-1.0,-1.0,-1.0,3816.0,3827.0,-1.0
502,QUEDAS DO IGUAÇU,32393.0,32693.0,32982.0,33265.0,33543.0,33788.0,34103.0,-1.0,-1.0,-1.0,-1.0,-1.0,-1.0,-1.0,30854.0,31095.0,-1.0
503,QUERÊNCIA DO NORTE,12171.0,12210.0,12247.0,12284.0,12320.0,12180.0,12206.0,-1.0,-1.0,-1.0,-1.0,-1.0,-1.0,-1.0,11752.0,11773.0,-1.0
504,QUILOMBO,-1.0,-1.0,-1.0,-1.0,-1.0,-1.0,10211.0,10175.0,10255.0,10201.0,10149.0,10096.0,10044.0,9946.0,9887.0,9829.0,9773.0
505,QUINTA DO SOL,5077.0,5030.0,4985.0,4941.0,4897.0,4640.0,4573.0,-1.0,-1.0,-1.0,-1.0,-1.0,-1.0,-1.0,5037.0,4987.0,-1.0
506,QUITANDINHA,18089.0,18257.0,18419.0,18578.0,18733.0,18873.0,19049.0,-1.0,-1.0,-1.0,-1.0,-1.0,-1.0,-1.0,17229.0,17364.0,-1.0
507,RAMILÂNDIA,4332.0,4359.0,4385.0,4410.0,4435.0,4426.0,4451.0,-1.0,-1.0,-1.0,-1.0,-1.0,-1.0,-1.0,4155.0,4175.0,-1.0
508,RANCHO ALEGRE,4018.0,4004.0,3990.0,3977.0,3963.0,3832.0,3808.0,-1.0,-1.0,-1.0,-1.0,-1.0,-1.0,-1.0,3937.0,3919.0,-1.0
509,RANCHO ALEGRE D'OESTE,2868.0,2850.0,2833.0,2816.0,2800.0,2682.0,2655.0,-1.0,-1.0,-1.0,-1.0,-1.0,-1.0,-1.0,2827.0,2807.0,-1.0
510,RANCHO QUEIMADO,-1.0,-1.0,-1.0,-1.0,-1.0,-1.0,2757.0,2765.0,2827.0,2838.0,2849.0,2860.0,2871.0,2868.0,2878.0,2887.0,2897.0
511,REALEZA,16932.0,16978.0,17023.0,17068.0,17111.0,16894.0,16922.0,-1.0,-1.0,-1.0,-1.0,-1.0,-1.0,-1.0,16363.0,16386.0,-1.0
512,REBOUÇAS,14752.0,14812.0,14869.0,14926.0,14981.0,14851.0,14899.0,-1.0,-1.0,-1.0,-1.0,-1.0,-1.0,-1.0,14216.0,14254.0,-1.0
513,RENASCENÇA,6989.0,6986.0,6984.0,6981.0,6979.0,6818.0,6802.0,-1.0,-1.0,-1.0,-1.0,-1.0,-1.0,-1.0,6801.0,6790.0,-1.0
514,RESERVA,26268.0,26397.0,26522.0,26643.0,26763.0,26602.0,26715.0,-1.0,-1.0,-1.0,-1.0,-1.0,-1.0,-1.0,25264.0,25353.0,-1.0
515,RESERVA DO IGUAÇU,7697.0,7757.0,7815.0,7872.0,7927.0,7950.0,8010.0,-1.0,-1.0,-1.0,-1.0,-1.0,-1.0,-1.0,7356.0,7402.0,-1.0
516,RIBEIRÃO CLARO,10956.0,10952.0,10949.0,10945.0,10941.0,10693.0,10668.0,-1.0,-1.0,-1.0,-1.0,-1.0,-1.0,-1.0,10661.0,10645.0,-1.0
517,RIBEIRÃO DO PINHAL,13740.0,13692.0,13646.0,13601.0,13557.0,13112.0,13029.0,-1.0,-1.0,-1.0,-1.0,-1.0,-1.0,-1.0,13462.0,13401.0,-1.0
518,RIO AZUL,14809.0,14913.0,15014.0,15112.0,15125.0,15134.0,15236.0,-1.0,-1.0,-1.0,-1.0,-1.0,-1.0,-1.0,14176.0,14255.0,-1.0
519,RIO BOM,3385.0,3372.0,3360.0,3348.0,3337.0,3225.0,3203.0,-1.0,-1.0,-1.0,-1.0,-1.0,-1.0,-1.0,3318.0,3302.0,-1.0
520,RIO BONITO DO IGUAÇU,13524.0,13532.0,13538.0,13545.0,13552.0,13283.0,13269.0,-1.0,-1.0,-1.0,-1.0,-1.0,-1.0,-1.0,13652.0,13125.0,-1.0
521,RIO BRANCO DO IVAÍ,4056.0,4072.0,4088.0,4104.0,4119.0,4083.0,4096.0,-1.0,-1.0,-1.0,-1.0,-1.0,-1.0,-1.0,3909.0,3920.0,-1.0
522,RIO BRANCO DO SUL,31947.0,32092.0,32232.0,32369.0,32504.0,32273.0,32397.0,-1.0,-1.0,-1.0,-1.0,-1.0,-1.0,-1.0,30751.0,30848.0,-1.0
523,RIO DAS ANTAS,-1.0,-1.0,-1.0,-1.0,-1.0,-1.0,6145.0,6146.0,6245.0,6245.0,6246.0,6246.0,6246.0,6208.0,6205.0,6202.0,6199.0
524,RIO DO CAMPO,-1.0,-1.0,-1.0,-1.0,-1.0,-1.0,6167.0,6143.0,6185.0,6149.0,6113.0,6078.0,6043.0,5979.0,5940.0,5902.0,5864.0
525,RIO DO OESTE,-1.0,-1.0,-1.0,-1.0,-1.0,-1.0,7118.0,7145.0,7319.0,7355.0,7392.0,7428.0,7463.0,7456.0,7489.0,7520.0,7552.0
526,RIO DO SUL,-1.0,-1.0,-1.0,-1.0,-1.0,-1.0,61931.0,62658.0,65256.0,66251.0,67237.0,68217.0,69188.0,70100.0,71061.0,72006.0,72931.0
527,RIO DOS CEDROS,-1.0,-1.0,-1.0,-1.0,-1.0,-1.0,10388.0,10488.0,10879.0,11019.0,11157.0,11295.0,11431.0,11542.0,11676.0,11808.0,11937.0
528,RIO FORTUNA,-1.0,-1.0,-1.0,-1.0,-1.0,-1.0,4456.0,4466.0,4557.0,4569.0,4582.0,4594.0,4606.0,4601.0,4611.0,4620.0,4630.0
529,RIO NEGRINHO,-1.0,-1.0,-1.0,-1.0,-1.0,-1.0,40011.0,40169.0,41167.0,41386.0,41602.0,41817.0,42029.0,42106.0,42302.0,42495.0,42684.0
530,RIO NEGRO,32911.0,33157.0,33395.0,33628.0,33857.0,33922.0,34170.0,-1.0,-1.0,-1.0,-1.0,-1.0,-1.0,-1.0,31471.0,31662.0,-1.0
531,RIO RUFINO,-1.0,-1.0,-1.0,-1.0,-1.0,-1.0,2438.0,2440.0,2482.0,2484.0,2485.0,2487.0,2489.0,2482.0,2483.0,2483.0,2484.0
532,RIQUEZA,-1.0,-1.0,-1.0,-1.0,-1.0,-1.0,4813.0,4789.0,4810.0,4775.0,4740.0,4705.0,4670.0,4636.0,4598.0,4561.0,4525.0
533,RODEIO,-1.0,-1.0,-1.0,-1.0,-1.0,-1.0,10964.0,11004.0,11270.0,11325.0,11380.0,11434.0,11488.0,11502.0,11551.0,11600.0,11647.0
534,ROLÂNDIA,61837.0,62590.0,63316.0,64028.0,64726.0,65757.0,66580.0,-1.0,-1.0,-1.0,-1.0,-1.0,-1.0,-1.0,58511.0,59139.0,-1.0
535,ROMELÂNDIA,-1.0,-1.0,-1.0,-1.0,-1.0,-1.0,5479.0,5494.0,5421.0,5320.0,5220.0,5120.0,5022.0,4890.0,4786.0,4684.0,4584.0
536,RONCADOR,11365.0,11212.0,11065.0,10921.0,10779.0,10058.0,9849.0,-1.0,-1.0,-1.0,-1.0,-1.0,-1.0,-1.0,11377.0,11221.0,-1.0
537,RONDON,9391.0,9441.0,9488.0,9535.0,9581.0,9534.0,9579.0,-1.0,-1.0,-1.0,-1.0,-1.0,-1.0,-1.0,9025.0,9060.0,-1.0
538,ROSÁRIO DO IVAÍ,5509.0,5437.0,5367.0,5298.0,5231.0,4886.0,4786.0,-1.0,-1.0,-1.0,-1.0,-1.0,-1.0,-1.0,5512.0,5438.0,-1.0
539,SABÁUDIA,6462.0,6524.0,6585.0,6644.0,6702.0,6760.0,6827.0,-1.0,-1.0,-1.0,-1.0,-1.0,-1.0,-1.0,6149.0,6200.0,-1.0
540,SALETE,-1.0,-1.0,-1.0,-1.0,-1.0,-1.0,7386.0,7402.0,7553.0,7573.0,7594.0,7614.0,7634.0,7626.0,7642.0,7659.0,7674.0
541,SALGADO FILHO,4287.0,4213.0,4142.0,4072.0,4003.0,3679.0,3580.0,-1.0,-1.0,-1.0,-1.0,-1.0,-1.0,-1.0,4327.0,4253.0,-1.0
542,SALTINHO,-1.0,-1.0,-1.0,-1.0,-1.0,-1.0,3943.0,3926.0,3948.0,3923.0,3897.0,3872.0,3847.0,3808.0,3781.0,3754.0,3727.0
543,SALTO DO ITARARÉ,5246.0,5223.0,5201.0,5179.0,5158.0,4973.0,4935.0,-1.0,-1.0,-1.0,-1.0,-1.0,-1.0,-1.0,5150.0,5122.0,-1.0
544,SALTO DO LONTRA,14357.0,14450.0,14539.0,14627.0,14713.0,14695.0,14785.0,-1.0,-1.0,-1.0,-1.0,-1.0,-1.0,-1.0,13761.0,13830.0,-1.0
545,SALTO VELOSO,-1.0,-1.0,-1.0,-1.0,-1.0,-1.0,4332.0,4361.0,4495.0,4536.0,4576.0,4616.0,4655.0,4680.0,4718.0,4756.0,4792.0
546,SANGÃO,-1.0,-1.0,-1.0,-1.0,-1.0,-1.0,10575.0,10744.0,11294.0,11532.0,11767.0,12001.0,12233.0,12446.0,12678.0,12905.0,13128.0
547,SANTA AMÉLIA,3769.0,3726.0,3684.0,3643.0,3603.0,3385.0,3324.0,-1.0,-1.0,-1.0,-1.0,-1.0,-1.0,-1.0,3757.0,3712.0,-1.0
548,SANTA CECÍLIA,-1.0,-1.0,-1.0,-1.0,-1.0,-1.0,15831.0,15902.0,16315.0,16413.0,16510.0,16606.0,16701.0,16741.0,16830.0,16918.0,17004.0
549,SANTA CECÍLIA DO PAVÃO,3654.0,3625.0,3597.0,3570.0,3544.0,3376.0,3334.0,-1.0,-1.0,-1.0,-1.0,-1.0,-1.0,-1.0,3614.0,3583.0,-1.0
550,SANTA CRUZ DE MONTE CASTELO,8222.0,8194.0,8166.0,8140.0,8113.0,7849.0,7800.0,-1.0,-1.0,-1.0,-1.0,-1.0,-1.0,-1.0,8055.0,8019.0,-1.0
551,SANTA FÉ,11158.0,11297.0,11431.0,11562.0,11691.0,11885.0,12037.0,-1.0,-1.0,-1.0,-1.0,-1.0,-1.0,-1.0,10552.0,10668.0,-1.0
552,SANTA HELENA,24895.0,25159.0,25415.0,25665.0,25911.0,26206.0,28857.0,2351.0,2354.0,2331.0,2309.0,2288.0,2266.0,2247.0,25861.0,26055.0,2178.0
553,SANTA INÊS,1804.0,1784.0,1765.0,1746.0,1727.0,1624.0,1596.0,-1.0,-1.0,-1.0,-1.0,-1.0,-1.0,-1.0,1797.0,1776.0,-1.0
554,SANTA ISABEL DO IVAÍ,8935.0,8915.0,8896.0,8877.0,8858.0,8603.0,8562.0,-1.0,-1.0,-1.0,-1.0,-1.0,-1.0,-1.0,8730.0,8701.0,-1.0
555,SANTA IZABEL DO OESTE,13908.0,14039.0,14165.0,14289.0,14411.0,14521.0,14659.0,-1.0,-1.0,-1.0,-1.0,-1.0,-1.0,-1.0,13242.0,13347.0,-1.0
556,SANTA LÚCIA,3997.0,3986.0,3976.0,3965.0,3955.0,3834.0,3813.0,-1.0,-1.0,-1.0,-1.0,-1.0,-1.0,-1.0,3910.0,3895.0,-1.0
557,SANTA MARIA DO OESTE,11315.0,11159.0,11009.0,10861.0,10716.0,9824.0,9615.0,-1.0,-1.0,-1.0,-1.0,-1.0,-1.0,-1.0,11336.0,11178.0,-1.0
558,SANTA MARIANA,12562.0,12496.0,12432.0,12369.0,12307.0,11829.0,11724.0,-1.0,-1.0,-1.0,-1.0,-1.0,-1.0,-1.0,12356.0,12279.0,-1.0
559,SANTA MÔNICA,3780.0,3815.0,3849.0,3882.0,3915.0,3944.0,3981.0,-1.0,-1.0,-1.0,-1.0,-1.0,-1.0,-1.0,3601.0,3629.0,-1.0
560,SANTA ROSA DE LIMA,-1.0,-1.0,-1.0,-1.0,-1.0,-1.0,2070.0,2074.0,2116.0,2122.0,2128.0,2133.0,2139.0,2137.0,2142.0,2147.0,2151.0
561,SANTA ROSA DO SUL,-1.0,-1.0,-1.0,-1.0,-1.0,-1.0,8073.0,8091.0,8261.0,8285.0,8309.0,8333.0,8356.0,8338.0,8358.0,8378.0,8397.0
562,SANTA TEREZA DO OESTE,10548.0,10528.0,10509.0,10489.0,10471.0,10182.0,10139.0,-1.0,-1.0,-1.0,-1.0,-1.0,-1.0,-1.0,10300.0,10269.0,-1.0
563,SANTA TEREZINHA,-1.0,-1.0,-1.0,-1.0,-1.0,-1.0,8762.0,8756.0,8883.0,8873.0,8864.0,8855.0,8846.0,8801.0,8787.0,8773.0,8760.0
564,SANTA TEREZINHA DE ITAIPU,22127.0,22353.0,22570.0,22783.0,22992.0,23224.0,23465.0,-1.0,-1.0,-1.0,-1.0,-1.0,-1.0,-1.0,21031.0,21215.0,-1.0
565,SANTA TEREZINHA DO PROGRESSO,-1.0,-1.0,-1.0,-1.0,-1.0,-1.0,2857.0,2818.0,2776.0,2720.0,2666.0,2611.0,2557.0,2484.0,2428.0,2372.0,2317.0
566,SANTANA DO ITARARÉ,5315.0,5291.0,5267.0,5244.0,5222.0,5031.0,4992.0,-1.0,-1.0,-1.0,-1.0,-1.0,-1.0,-1.0,5220.0,5191.0,-1.0
567,SANTIAGO DO SUL,-1.0,-1.0,-1.0,-1.0,-1.0,-1.0,1448.0,1431.0,1414.0,1389.0,1365.0,1341.0,1317.0,1286.0,1260.0,1235.0,1211.0
568,SANTO AMARO DA IMPERATRIZ,-1.0,-1.0,-1.0,-1.0,-1.0,-1.0,20082.0,20332.0,21221.0,21572.0,21920.0,22266.0,22609.0,22905.0,23245.0,23579.0,23907.0
569,SANTO ANTÔNIO DA PLATINA,44754.0,45031.0,45299.0,45562.0,45819.0,45728.0,45993.0,-1.0,-1.0,-1.0,-1.0,-1.0,-1.0,-1.0,42920.0,43125.0,-1.0
570,SANTO ANTÔNIO DO CAIUÁ,2774.0,2765.0,2757.0,2749.0,2741.0,2656.0,2641.0,-1.0,-1.0,-1.0,-1.0,-1.0,-1.0,-1.0,2716.0,2705.0,-1.0
571,SANTO ANTÔNIO DO PARAÍSO,2387.0,2359.0,2333.0,2307.0,2281.0,2144.0,2106.0,-1.0,-1.0,-1.0,-1.0,-1.0,-1.0,-1.0,2379.0,2351.0,-1.0
572,SANTO ANTÔNIO DO SUDOESTE,19748.0,19855.0,19958.0,20059.0,20158.0,20069.0,20166.0,-1.0,-1.0,-1.0,-1.0,-1.0,-1.0,-1.0,18972.0,19048.0,-1.0
573,SANTO INÁCIO,5455.0,5468.0,5481.0,5494.0,5506.0,5431.0,5438.0,-1.0,-1.0,-1.0,-1.0,-1.0,-1.0,-1.0,5276.0,5282.0,-1.0
574,SÃO BENTO DO SUL,-1.0,-1.0,-1.0,-1.0,-1.0,-1.0,75520.0,76215.0,78998.0,79971.0,80936.0,81893.0,82842.0,83576.0,84507.0,85421.0,86317.0
575,SÃO BERNARDINO,-1.0,-1.0,-1.0,-1.0,-1.0,-1.0,2642.0,2676.0,2641.0,2593.0,2545.0,2496.0,2449.0,2386.0,2336.0,2287.0,2239.0
576,SÃO BONIFÁCIO,-1.0,-1.0,-1.0,-1.0,-1.0,-1.0,2992.0,2977.0,2989.0,2966.0,2944.0,2922.0,2899.0,2862.0,2838.0,2814.0,2791.0
577,SÃO CARLOS,-1.0,-1.0,-1.0,-1.0,-1.0,-1.0,10363.0,10431.0,10753.0,10849.0,10944.0,11038.0,11132.0,11191.0,11281.0,11369.0,11456.0
578,SÃO CARLOS DO IVAÍ,6668.0,6713.0,6756.0,6797.0,6839.0,6834.0,6878.0,-1.0,-1.0,-1.0,-1.0,-1.0,-1.0,-1.0,6389.0,6422.0,-1.0
579,SÃO CRISTOVÃO DO SUL,-1.0,-1.0,-1.0,-1.0,-1.0,-1.0,5051.0,5089.0,5255.0,5308.0,5360.0,5412.0,5464.0,5499.0,5549.0,5598.0,5646.0
580,SÃO DOMINGOS,-1.0,-1.0,-1.0,-1.0,-1.0,-1.0,9488.0,9389.0,9530.0,9523.0,9516.0,9509.0,9502.0,9457.0,9445.0,9434.0,9422.0
581,SÃO FRANCISCO DO SUL,-1.0,-1.0,-1.0,-1.0,-1.0,-1.0,43305.0,44064.0,46477.0,47547.0,48606.0,49658.0,50701.0,51677.0,52721.0,53746.0,54751.0
582,SÃO JERÔNIMO DA SERRA,11588.0,11570.0,11553.0,11535.0,11519.0,11213.0,11170.0,-1.0,-1.0,-1.0,-1.0,-1.0,-1.0,-1.0,11306.0,11275.0,-1.0
583,SÃO JOÃO,10777.0,10743.0,10709.0,10676.0,10644.0,10303.0,10241.0,-1.0,-1.0,-1.0,-1.0,-1.0,-1.0,-1.0,10553.0,10508.0,-1.0
584,SÃO JOÃO BATISTA,-1.0,-1.0,-1.0,-1.0,-1.0,-1.0,27135.0,27982.0,30337.0,31534.0,32720.0,33897.0,35065.0,36244.0,37424.0,38583.0,39719.0
585,SÃO JOÃO DO CAIUÁ,6051.0,6044.0,6038.0,6031.0,6025.0,5874.0,5855.0,-1.0,-1.0,-1.0,-1.0,-1.0,-1.0,-1.0,5898.0,5884.0,-1.0
586,SÃO JOÃO DO ITAPERIÚ,-1.0,-1.0,-1.0,-1.0,-1.0,-1.0,3457.0,3477.0,3578.0,3606.0,3634.0,3662.0,3690.0,3707.0,3733.0,3759.0,3784.0
587,SÃO JOÃO DO IVAÍ,11461.0,11342.0,11228.0,11115.0,11005.0,10386.0,10219.0,-1.0,-1.0,-1.0,-1.0,-1.0,-1.0,-1.0,11397.0,11273.0,-1.0
588,SÃO JOÃO DO OESTE,-1.0,-1.0,-1.0,-1.0,-1.0,-1.0,6055.0,6074.0,6211.0,6235.0,6260.0,6285.0,6309.0,6359.0,6381.0,6402.0,6423.0
589,SÃO JOÃO DO SUL,-1.0,-1.0,-1.0,-1.0,-1.0,-1.0,7019.0,7035.0,7183.0,7205.0,7226.0,7247.0,7268.0,7280.0,7297.0,7315.0,7332.0
590,SÃO JOÃO DO TRIUNFO,14462.0,14583.0,14700.0,14815.0,14927.0,14996.0,15120.0,-1.0,-1.0,-1.0,-1.0,-1.0,-1.0,-1.0,13803.0,13899.0,-1.0
591,SÃO JOAQUIM,-1.0,-1.0,-1.0,-1.0,-1.0,-1.0,24964.0,25111.0,25841.0,26045.0,26247.0,26447.0,26646.0,26763.0,26952.0,27139.0,27322.0
592,SÃO JORGE D'OESTE,9313.0,9307.0,9302.0,9296.0,9291.0,9074.0,9050.0,-1.0,-1.0,-1.0,-1.0,-1.0,-1.0,-1.0,9068.0,9052.0,-1.0
593,SÃO JORGE DO IVAÍ,5671.0,5673.0,5674.0,5675.0,5676.0,5559.0,5551.0,-1.0,-1.0,-1.0,-1.0,-1.0,-1.0,-1.0,5512.0,5506.0,-1.0
594,SÃO JORGE DO PATROCÍNIO,6088.0,6051.0,6015.0,5980.0,5946.0,5698.0,5641.0,-1.0,-1.0,-1.0,-1.0,-1.0,-1.0,-1.0,5998.0,5956.0,-1.0
595,SÃO JOSÉ,-1.0,-1.0,-1.0,-1.0,-1.0,-1.0,212587.0,215278.0,224779.0,228561.0,232309.0,236029.0,239718.0,242927.0,246586.0,250181.0,253705.0
596,SÃO JOSÉ DA BOA VISTA,6596.0,6567.0,6539.0,6512.0,6485.0,6254.0,6206.0,-1.0,-1.0,-1.0,-1.0,-1.0,-1.0,-1.0,6476.0,6441.0,-1.0
597,SÃO JOSÉ DAS PALMEIRAS,3880.0,3864.0,3847.0,3832.0,3816.0,3682.0,3654.0,-1.0,-1.0,-1.0,-1.0,-1.0,-1.0,-1.0,3810.0,3789.0,-1.0
598,SÃO JOSÉ DO CEDRO,-1.0,-1.0,-1.0,-1.0,-1.0,-1.0,13685.0,13685.0,13904.0,13902.0,13901.0,13899.0,13897.0,13838.0,13829.0,13820.0,13811.0
599,SÃO JOSÉ DO CERRITO,-1.0,-1.0,-1.0,-1.0,-1.0,-1.0,9188.0,9104.0,9061.0,8941.0,8823.0,8705.0,8588.0,8421.0,8295.0,8173.0,8054.0
600,SÃO JOSÉ DOS PINHAIS,287792.0,292934.0,297895.0,302759.0,307530.0,317476.0,323340.0,-1.0,-1.0,-1.0,-1.0,-1.0,-1.0,-1.0,268808.0,273255.0,-1.0
601,SÃO LOURENÇO DO OESTE,-1.0,-1.0,-1.0,-1.0,-1.0,-1.0,21964.0,22062.0,22786.0,23017.0,23245.0,23473.0,23698.0,23857.0,24076.0,24291.0,24501.0
602,SÃO LUDGERO,-1.0,-1.0,-1.0,-1.0,-1.0,-1.0,11178.0,11357.0,11940.0,12192.0,12441.0,12688.0,12934.0,13165.0,13410.0,13650.0,13886.0
603,SÃO MANOEL DO PARANÁ,2170.0,2175.0,2180.0,2184.0,2189.0,2158.0,2160.0,-1.0,-1.0,-1.0,-1.0,-1.0,-1.0,-1.0,2100.0,2102.0,-1.0
604,SÃO MARTINHO,-1.0,-1.0,-1.0,-1.0,-1.0,-1.0,3205.0,3200.0,3239.0,3232.0,3224.0,3217.0,3210.0,3189.0,3180.0,3171.0,3162.0
605,SÃO MATEUS DO SUL,43750.0,44179.0,44594.0,45000.0,45398.0,45806.0,46261.0,-1.0,-1.0,-1.0,-1.0,-1.0,-1.0,-1.0,41617.0,41965.0,-1.0
606,SÃO MIGUEL DA BOA VISTA,-1.0,-1.0,-1.0,-1.0,-1.0,-1.0,1896.0,1887.0,1897.0,1885.0,1872.0,1860.0,1848.0,1833.0,1820.0,1807.0,1794.0
607,SÃO MIGUEL DO IGUAÇU,26920.0,27061.0,27197.0,27330.0,27461.0,27325.0,27452.0,-1.0,-1.0,-1.0,-1.0,-1.0,-1.0,-1.0,25872.0,25971.0,-1.0
608,SÃO MIGUEL DO OESTE,-1.0,-1.0,-1.0,-1.0,-1.0,-1.0,36612.0,36908.0,38162.0,38575.0,38984.0,39390.0,39793.0,40090.0,40482.0,40868.0,41246.0
609,SÃO PEDRO DE ALCÂNTARA,-1.0,-1.0,-1.0,-1.0,-1.0,-1.0,4790.0,4874.0,5139.0,5256.0,5373.0,5488.0,5602.0,5709.0,5823.0,5935.0,6046.0
610,SÃO PEDRO DO IGUAÇU,6495.0,6440.0,6388.0,6336.0,6286.0,5976.0,5897.0,-1.0,-1.0,-1.0,-1.0,-1.0,-1.0,-1.0,6431.0,6373.0,-1.0
611,SÃO PEDRO DO IVAÍ,10664.0,10733.0,10799.0,10864.0,10928.0,10915.0,10981.0,-1.0,-1.0,-1.0,-1.0,-1.0,-1.0,-1.0,10221.0,10272.0,-1.0
612,SÃO PEDRO DO PARANÁ,2506.0,2490.0,2474.0,2459.0,2443.0,2338.0,2313.0,-1.0,-1.0,-1.0,-1.0,-1.0,-1.0,-1.0,2473.0,2454.0,-1.0
613,SÃO SEBASTIÃO DA AMOREIRA,8917.0,8935.0,8952.0,8968.0,8985.0,8847.0,8853.0,-1.0,-1.0,-1.0,-1.0,-1.0,-1.0,-1.0,8632.0,8638.0,-1.0
614,SÃO TOMÉ,5595.0,5626.0,5657.0,5686.0,5715.0,5693.0,5722.0,-1.0,-1.0,-1.0,-1.0,-1.0,-1.0,-1.0,5373.0,5395.0,-1.0
615,SAPOPEMA,6912.0,6910.0,6908.0,6906.0,6905.0,6751.0,6736.0,-1.0,-1.0,-1.0,-1.0,-1.0,-1.0,-1.0,6726.0,6716.0,-1.0
616,SARANDI,88365.0,89388.0,90376.0,91344.0,94181.0,95543.0,96688.0,-1.0,-1.0,-1.0,-1.0,-1.0,-1.0,-1.0,83724.0,84573.0,-1.0
617,SAUDADE DO IGUAÇU,5293.0,5333.0,5372.0,5410.0,5448.0,5459.0,5500.0,-1.0,-1.0,-1.0,-1.0,-1.0,-1.0,-1.0,5061.0,5092.0,-1.0
618,SAUDADES,-1.0,-1.0,-1.0,-1.0,-1.0,-1.0,9070.0,9121.0,9382.0,9454.0,9524.0,9594.0,9664.0,9679.0,9745.0,9810.0,9874.0
619,SCHROEDER,-1.0,-1.0,-1.0,-1.0,-1.0,-1.0,15790.0,16248.0,17538.0,18186.0,18827.0,19463.0,20095.0,20728.0,21365.0,21991.0,22605.0
620,SEARA,-1.0,-1.0,-1.0,-1.0,-1.0,-1.0,16971.0,17005.0,17351.0,17395.0,17439.0,17483.0,17526.0,17506.0,17541.0,17576.0,17610.0
621,SENGÉS,19154.0,19229.0,19302.0,19373.0,19443.0,19267.0,19327.0,-1.0,-1.0,-1.0,-1.0,-1.0,-1.0,-1.0,18463.0,18511.0,-1.0
622,SERRA ALTA,-1.0,-1.0,-1.0,-1.0,-1.0,-1.0,3282.0,3279.0,3323.0,3317.0,3312.0,3307.0,3301.0,3270.0,3263.0,3256.0,3249.0
623,SERRANÓPOLIS DO IGUAÇU,4667.0,4659.0,4652.0,4645.0,4637.0,4513.0,4495.0,-1.0,-1.0,-1.0,-1.0,-1.0,-1.0,-1.0,4555.0,4543.0,-1.0
624,SERTANEJA,5820.0,5771.0,5724.0,5678.0,5633.0,5355.0,5284.0,-1.0,-1.0,-1.0,-1.0,-1.0,-1.0,-1.0,5763.0,5711.0,-1.0
625,SERTANÓPOLIS,16255.0,16315.0,16373.0,16429.0,16485.0,16323.0,16369.0,-1.0,-1.0,-1.0,-1.0,-1.0,-1.0,-1.0,15676.0,15713.0,-1.0
626,SIDERÓPOLIS,-1.0,-1.0,-1.0,-1.0,-1.0,-1.0,13069.0,13137.0,13499.0,13593.0,13686.0,13778.0,13870.0,13920.0,14007.0,14092.0,14176.0
627,SIQUEIRA CAMPOS,19661.0,19881.0,20094.0,20303.0,20508.0,20778.0,21016.0,-1.0,-1.0,-1.0,-1.0,-1.0,-1.0,-1.0,18643.0,18825.0,-1.0
628,SOMBRIO,-1.0,-1.0,-1.0,-1.0,-1.0,-1.0,26894.0,27165.0,28209.0,28589.0,28966.0,29340.0,29710.0,30010.0,30374.0,30733.0,31084.0
629,SUL BRASIL,-1.0,-1.0,-1.0,-1.0,-1.0,-1.0,2740.0,2714.0,2698.0,2661.0,2624.0,2587.0,2551.0,2500.0,2461.0,2423.0,2386.0
630,SULINA,3366.0,3329.0,3293.0,3257.0,3222.0,3033.0,2981.0,-1.0,-1.0,-1.0,-1.0,-1.0,-1.0,-1.0,3354.0,3315.0,-1.0
631,TAIÓ,-1.0,-1.0,-1.0,-1.0,-1.0,-1.0,17337.0,17412.0,17856.0,17959.0,18060.0,18161.0,18261.0,18302.0,18395.0,18486.0,18576.0
632,TAMARANA,13298.0,13518.0,13730.0,13939.0,14143.0,14548.0,14797.0,-1.0,-1.0,-1.0,-1.0,-1.0,-1.0,-1.0,12458.0,12647.0,-1.0
633,TAMBOARA,4915.0,4954.0,4991.0,5028.0,5064.0,5080.0,5120.0,-1.0,-1.0,-1.0,-1.0,-1.0,-1.0,-1.0,4696.0,4726.0,-1.0
634,TANGARÁ,-1.0,-1.0,-1.0,-1.0,-1.0,-1.0,8668.0,8653.0,8777.0,8767.0,8757.0,8748.0,8738.0,8691.0,8676.0,8662.0,8648.0
635,TAPEJARA,15434.0,15572.0,15704.0,15835.0,15962.0,16062.0,16205.0,-1.0,-1.0,-1.0,-1.0,-1.0,-1.0,-1.0,14712.0,14822.0,-1.0
636,TAPIRA,5906.0,5878.0,5851.0,5824.0,5798.0,5584.0,5539.0,-1.0,-1.0,-1.0,-1.0,-1.0,-1.0,-1.0,5802.0,5769.0,-1.0
637,TEIXEIRA SOARES,11140.0,11321.0,11495.0,11666.0,11834.0,12163.0,12367.0,-1.0,-1.0,-1.0,-1.0,-1.0,-1.0,-1.0,10444.0,10599.0,-1.0
638,TELÊMACO BORBA,74270.0,75054.0,75809.0,76550.0,77276.0,78135.0,78974.0,-1.0,-1.0,-1.0,-1.0,-1.0,-1.0,-1.0,70535.0,71176.0,-1.0
639,TERRA BOA,16562.0,16674.0,16781.0,16887.0,16991.0,16984.0,17094.0,-1.0,-1.0,-1.0,-1.0,-1.0,-1.0,-1.0,15864.0,15948.0,-1.0
640,TERRA RICA,16063.0,16197.0,16326.0,16453.0,16578.0,16652.0,16789.0,-1.0,-1.0,-1.0,-1.0,-1.0,-1.0,-1.0,15331.0,15437.0,-1.0
641,TERRA ROXA,17402.0,17461.0,17517.0,17573.0,17627.0,17439.0,17481.0,-1.0,-1.0,-1.0,-1.0,-1.0,-1.0,-1.0,16795.0,16829.0,-1.0
642,TIBAGI,20184.0,20283.0,20377.0,20470.0,20562.0,20436.0,20522.0,-1.0,-1.0,-1.0,-1.0,-1.0,-1.0,-1.0,19414.0,19482.0,-1.0
643,TIGRINHOS,-1.0,-1.0,-1.0,-1.0,-1.0,-1.0,1748.0,1739.0,1746.0,1733.0,1720.0,1707.0,1695.0,1646.0,1633.0,1619.0,1606.0
644,TIJUCAS,-1.0,-1.0,-1.0,-1.0,-1.0,-1.0,31533.0,32087.0,33847.0,34628.0,35402.0,36170.0,36931.0,37645.0,38407.0,39155.0,39889.0
645,TIJUCAS DO SUL,15575.0,15776.0,15970.0,16161.0,16348.0,16646.0,16868.0,-1.0,-1.0,-1.0,-1.0,-1.0,-1.0,-1.0,14712.0,14881.0,-1.0
646,TIMBÉ DO SUL,-1.0,-1.0,-1.0,-1.0,-1.0,-1.0,5307.0,5306.0,5387.0,5385.0,5382.0,5379.0,5377.0,5354.0,5348.0,5343.0,5338.0
647,TIMBÓ,-1.0,-1.0,-1.0,-1.0,-1.0,-1.0,37344.0,37894.0,39740.0,40515.0,41283.0,42045.0,42801.0,43484.0,44238.0,44977.0,45703.0
648,TIMBÓ GRANDE,-1.0,-1.0,-1.0,-1.0,-1.0,-1.0,7219.0,7268.0,7495.0,7563.0,7632.0,7699.0,7767.0,7812.0,7877.0,7941.0,8003.0
649,TOLEDO,128448.0,130295.0,132077.0,133824.0,135538.0,138572.0,140635.0,-1.0,-1.0,-1.0,-1.0,-1.0,-1.0,-1.0,120934.0,122502.0,-1.0
650,TOMAZINA,8776.0,8696.0,8619.0,8544.0,8470.0,8032.0,7918.0,-1.0,-1.0,-1.0,-1.0,-1.0,-1.0,-1.0,8704.0,8619.0,-1.0
651,TRÊS BARRAS,-1.0,-1.0,-1.0,-1.0,-1.0,-1.0,18207.0,18281.0,18740.0,18843.0,18945.0,19046.0,19146.0,19183.0,19275.0,19366.0,19455.0
652,TRÊS BARRAS DO PARANÁ,12196.0,12212.0,12227.0,12242.0,12256.0,12043.0,12040.0,-1.0,-1.0,-1.0,-1.0,-1.0,-1.0,-1.0,11825.0,11825.0,-1.0
653,TREVISO,-1.0,-1.0,-1.0,-1.0,-1.0,-1.0,3557.0,3585.0,3706.0,3746.0,3785.0,3824.0,3863.0,3891.0,3929.0,3966.0,4002.0
654,TREZE DE MAIO,-1.0,-1.0,-1.0,-1.0,-1.0,-1.0,6889.0,6901.0,7036.0,7052.0,7067.0,7082.0,7098.0,7070.0,7081.0,7093.0,7104.0
655,TREZE TÍLIAS,-1.0,-1.0,-1.0,-1.0,-1.0,-1.0,6457.0,6568.0,6925.0,7082.0,7237.0,7392.0,7545.0,7687.0,7840.0,7991.0,8138.0
656,TROMBUDO CENTRAL,-1.0,-1.0,-1.0,-1.0,-1.0,-1.0,6612.0,6668.0,6901.0,6979.0,7057.0,7135.0,7211.0,7284.0,7360.0,7434.0,7506.0
657,TUBARÃO,-1.0,-1.0,-1.0,-1.0,-1.0,-1.0,97833.0,98412.0,101284.0,102087.0,102883.0,103674.0,104457.0,104937.0,105686.0,106422.0,107143.0
658,TUNÁPOLIS,-1.0,-1.0,-1.0,-1.0,-1.0,-1.0,4622.0,4612.0,4660.0,4644.0,4628.0,4612.0,4597.0,4561.0,4543.0,4525.0,4507.0
659,TUNAS DO PARANÁ,7127.0,7347.0,7559.0,7767.0,7971.0,8509.0,8769.0,-1.0,-1.0,-1.0,-1.0,-1.0,-1.0,-1.0,6460.0,6656.0,-1.0
660,TUNEIRAS DO OESTE,8887.0,8873.0,8860.0,8847.0,8833.0,8599.0,8566.0,-1.0,-1.0,-1.0,-1.0,-1.0,-1.0,-1.0,8671.0,8647.0,-1.0
661,TUPÃSSI,8243.0,8252.0,8261.0,8269.0,8277.0,8128.0,8124.0,-1.0,-1.0,-1.0,-1.0,-1.0,-1.0,-1.0,7996.0,7994.0,-1.0
662,TURVO,13937.0,13860.0,13785.0,13712.0,13640.0,13340.0,25144.0,12001.0,12353.0,12452.0,12551.0,12649.0,12746.0,12806.0,26616.0,26618.0,13080.0
663,UBIRATÃ,21971.0,21916.0,21864.0,21812.0,21762.0,21119.0,21013.0,-1.0,-1.0,-1.0,-1.0,-1.0,-1.0,-1.0,21479.0,21402.0,-1.0
664,UMUARAMA,106387.0,107319.0,108218.0,109132.0,109955.0,110590.0,111557.0,-1.0,-1.0,-1.0,-1.0,-1.0,-1.0,-1.0,101443.0,102184.0,-1.0
665,UNIÃO DA VITÓRIA,55467.0,55874.0,56265.0,56650.0,57027.0,57111.0,57517.0,-1.0,-1.0,-1.0,-1.0,-1.0,-1.0,-1.0,53059.0,53372.0,-1.0
666,UNIÃO DO OESTE,-1.0,-1.0,-1.0,-1.0,-1.0,-1.0,2874.0,2838.0,2802.0,2751.0,2700.0,2650.0,2600.0,2517.0,2464.0,2412.0,2364.0
667,UNIFLOR,2570.0,2581.0,2593.0,2604.0,2614.0,2595.0,2605.0,-1.0,-1.0,-1.0,-1.0,-1.0,-1.0,-1.0,2474.0,2482.0,-1.0
668,URAÍ,11729.0,11711.0,11695.0,11678.0,11662.0,11356.0,11314.0,-1.0,-1.0,-1.0,-1.0,-1.0,-1.0,-1.0,11441.0,11411.0,-1.0
669,URUBICI,-1.0,-1.0,-1.0,-1.0,-1.0,-1.0,10734.0,10767.0,11012.0,11058.0,11102.0,11147.0,11191.0,11195.0,11235.0,11273.0,11311.0
670,URUPEMA,-1.0,-1.0,-1.0,-1.0,-1.0,-1.0,2479.0,2476.0,2507.0,2502.0,2497.0,2492.0,2487.0,2472.0,2465.0,2459.0,2453.0
671,URUSSANGA,-1.0,-1.0,-1.0,-1.0,-1.0,-1.0,20291.0,20356.0,20826.0,20915.0,21003.0,21090.0,21177.0,21190.0,21268.0,21344.0,21419.0
672,VARGEÃO,-1.0,-1.0,-1.0,-1.0,-1.0,-1.0,3533.0,3533.0,3590.0,3590.0,3590.0,3590.0,3590.0,3575.0,3573.0,3571.0,3569.0
673,VARGEM,-1.0,-1.0,-1.0,-1.0,-1.0,-1.0,2776.0,2746.0,2718.0,2674.0,2630.0,2586.0,2543.0,2522.0,2477.0,2432.0,2387.0
674,VARGEM BONITA,-1.0,-1.0,-1.0,-1.0,-1.0,-1.0,4765.0,4738.0,4752.0,4713.0,4674.0,4635.0,4597.0,4534.0,4492.0,4451.0,4411.0
675,VENTANIA,10763.0,10934.0,11093.0,11252.0,11407.0,11703.0,11892.0,-1.0,-1.0,-1.0,-1.0,-1.0,-1.0,-1.0,10106.0,10249.0,-1.0
676,VERA CRUZ DO OESTE,9081.0,9038.0,8998.0,8958.0,8918.0,8590.0,8521.0,-1.0,-1.0,-1.0,-1.0,-1.0,-1.0,-1.0,8921.0,8871.0,-1.0
677,VERÊ,7911.0,7853.0,7799.0,7745.0,7692.0,7342.0,7257.0,-1.0,-1.0,-1.0,-1.0,-1.0,-1.0,-1.0,7814.0,7751.0,-1.0
678,VIDAL RAMOS,-1.0,-1.0,-1.0,-1.0,-1.0,-1.0,6287.0,6284.0,6377.0,6372.0,6366.0,6361.0,6356.0,6347.0,6338.0,6329.0,6321.0
679,VIDEIRA,-1.0,-1.0,-1.0,-1.0,-1.0,-1.0,47618.0,48064.0,49768.0,50349.0,50926.0,51499.0,52066.0,52510.0,53065.0,53610.0,54145.0
680,VIRMOND,4075.0,4080.0,4085.0,4090.0,4095.0,4023.0,4023.0,-1.0,-1.0,-1.0,-1.0,-1.0,-1.0,-1.0,3951.0,3951.0,-1.0
681,VITOR MEIRELES,-1.0,-1.0,-1.0,-1.0,-1.0,-1.0,5184.0,5160.0,5190.0,5156.0,5123.0,5089.0,5056.0,5014.0,4979.0,4943.0,4907.0
682,VITORINO,6775.0,6801.0,6828.0,6853.0,6878.0,6817.0,6838.0,-1.0,-1.0,-1.0,-1.0,-1.0,-1.0,-1.0,6531.0,6548.0,-1.0
683,WENCESLAU BRAZ,19838.0,19843.0,19847.0,19852.0,19856.0,19444.0,19414.0,-1.0,-1.0,-1.0,-1.0,-1.0,-1.0,-1.0,19278.0,19259.0,-1.0
684,WITMARSUM,-1.0,-1.0,-1.0,-1.0,-1.0,-1.0,3627.0,3653.0,3769.0,3805.0,3841.0,3876.0,3912.0,3932.0,3965.0,3998.0,4032.0
685,XAMBRÊ,6077.0,6047.0,6016.0,5986.0,5957.0,5728.0,5679.0,-1.0,-1.0,-1.0,-1.0,-1.0,-1.0,-1.0,5975.0,5939.0,-1.0
686,XANXERÊ,-1.0,-1.0,-1.0,-1.0,-1.0,-1.0,44643.0,45140.0,46981.0,47679.0,48370.0,49057.0,49738.0,50309.0,50982.0,51642.0,52290.0
687,XAVANTINA,-1.0,-1.0,-1.0,-1.0,-1.0,-1.0,4122.0,4103.0,4124.0,4095.0,4067.0,4039.0,4012.0,3963.0,3933.0,3903.0,3873.0
688,XAXIM,-1.0,-1.0,-1.0,-1.0,-1.0,-1.0,25933.0,26145.0,27039.0,27336.0,27630.0,27921.0,28210.0,28424.0,28706.0,28983.0,29254.0
689,ZORTÉA,-1.0,-1.0,-1.0,-1.0,-1.0,-1.0,3019.0,3046.0,3153.0,3190.0,3227.0,3264.0,3300.0,3328.0,3363.0,3398.0,3432.0
