"UF","Município","Ano","2010","2011","2012","2013","2014","2015","2016","2017","2018","2019","2020"
"SC","Totais","","153,726,007,840.00","174,068,322,230.00","191,794,650,980.00","214,512,241,470.00","242,553,371,660.00","249,079,642,080.00","256,754,670,820.00","277,270,232,970.00","298,227,087,070.00","323,263,860,000.00","349,275,022,000.00"
"","ABDON BATISTA","","36,435,830.00","48,810,540.00","62,605,280.00","65,844,650.00","62,400,460.00","63,126,640.00","64,722,960.00","63,044,710.00","63,182,190.00","65,192,000.00","62,066,000.00"
"","ABELARDO LUZ","","446,167,300.00","680,662,400.00","692,750,000.00","766,837,500.00","579,947,800.00","562,305,700.00","604,764,200.00","606,396,800.00","697,968,400.00","661,728,000.00","800,447,000.00"
"","AGROLÂNDIA","","165,800,100.00","180,813,300.00","188,997,500.00","216,977,600.00","259,512,200.00","231,501,500.00","225,853,000.00","243,183,800.00","248,754,000.00","275,841,000.00","301,554,000.00"
"","AGRONÔMICA","","84,351,930.00","87,884,470.00","96,968,540.00","118,448,600.00","134,086,400.00","125,673,100.00","138,746,200.00","155,575,500.00","158,291,600.00","161,878,000.00","186,955,000.00"
"","ÁGUA DOCE","","205,616,700.00","206,253,500.00","208,502,900.00","253,496,500.00","261,044,700.00","273,565,200.00","317,771,900.00","297,990,700.00","310,516,500.00","356,256,000.00","545,991,000.00"
"","ÁGUAS DE CHAPECÓ","","161,139,600.00","117,489,000.00","123,721,200.00","84,905,090.00","87,948,200.00","87,031,800.00","100,894,800.00","97,141,700.00","103,559,200.00","111,391,000.00","118,571,000.00"
"","ÁGUAS FRIAS","","45,649,830.00","49,747,690.00","112,739,900.00","117,112,200.00","69,901,740.00","72,335,980.00","87,594,200.00","93,307,100.00","98,761,600.00","109,874,000.00","126,766,000.00"
"","ÁGUAS MORNAS","","111,461,900.00","107,704,300.00","123,094,100.00","150,493,700.00","145,819,000.00","138,402,300.00","146,847,000.00","137,239,600.00","164,490,900.00","174,756,000.00","180,121,000.00"
"","ALFREDO WAGNER","","130,668,100.00","125,951,900.00","136,414,600.00","163,892,300.00","177,694,300.00","192,916,700.00","213,006,000.00","229,721,100.00","259,521,600.00","270,030,000.00","318,156,000.00"
"","ALTO BELA VISTA","","32,077,250.00","35,657,720.00","35,855,640.00","39,898,020.00","45,057,720.00","48,233,790.00","48,788,780.00","51,585,850.00","55,910,170.00","60,655,000.00","72,493,000.00"
"","ANCHIETA","","109,195,700.00","123,820,000.00","147,281,800.00","162,915,000.00","114,199,700.00","119,248,800.00","138,445,900.00","129,241,800.00","134,502,600.00","143,688,000.00","175,522,000.00"
"","ANGELINA","","80,114,820.00","75,965,360.00","82,745,530.00","102,563,900.00","105,191,600.00","103,375,300.00","114,333,600.00","97,759,230.00","112,093,700.00","133,383,000.00","149,339,000.00"
"","ANITA GARIBALDI","","75,744,960.00","90,039,690.00","89,381,840.00","92,832,080.00","100,899,500.00","117,197,500.00","139,124,800.00","137,557,900.00","145,956,200.00","170,974,000.00","180,856,000.00"
"","ANITÁPOLIS","","41,181,140.00","41,479,070.00","39,240,250.00","55,288,420.00","51,715,080.00","54,310,190.00","59,909,880.00","53,476,060.00","57,077,820.00","62,259,000.00","67,085,000.00"
"","ANTÔNIO CARLOS","","300,522,700.00","258,688,200.00","324,020,600.00","484,072,500.00","540,850,200.00","555,357,600.00","599,424,000.00","577,414,900.00","656,108,500.00","789,080,000.00","788,434,000.00"
"","APIÚNA","","231,412,600.00","306,135,400.00","330,164,700.00","289,588,500.00","387,602,000.00","411,808,700.00","386,869,300.00","414,988,500.00","415,532,200.00","401,008,000.00","371,624,000.00"
"","ARABUTÃ","","71,203,710.00","71,407,850.00","77,226,330.00","90,654,980.00","99,248,680.00","104,974,100.00","106,410,800.00","126,169,900.00","137,614,000.00","174,014,000.00","205,798,000.00"
"","ARAQUARI","","532,599,800.00","690,004,300.00","832,601,700.00","1,017,531,000.00","1,633,990,000.00","2,724,010,000.00","3,206,663,000.00","3,928,868,000.00","4,151,191,000.00","4,856,255,000.00","5,510,946,000.00"
"","ARARANGUÁ","","991,569,300.00","1,204,545,000.00","1,254,563,000.00","1,339,435,000.00","1,510,259,000.00","1,549,048,000.00","1,572,795,000.00","1,724,987,000.00","1,833,576,000.00","1,941,337,000.00","2,067,725,000.00"
"","ARMAZÉM","","97,447,170.00","106,725,500.00","108,785,300.00","136,966,900.00","167,032,500.00","160,101,000.00","165,510,200.00","168,494,600.00","190,726,400.00","210,909,000.00","230,242,000.00"
"","ARROIO TRINTA","","49,320,040.00","68,505,560.00","65,695,510.00","81,827,840.00","81,356,450.00","81,216,440.00","89,756,970.00","92,187,650.00","89,321,530.00","97,443,000.00","111,049,000.00"
"","ARVOREDO","","39,178,690.00","49,316,070.00","56,830,860.00","68,032,830.00","62,700,950.00","95,565,500.00","91,388,570.00","87,210,310.00","100,362,800.00","115,571,000.00","135,522,000.00"
"","ASCURRA","","108,995,600.00","120,754,800.00","174,623,500.00","213,618,300.00","159,321,100.00","147,713,800.00","157,750,500.00","192,659,400.00","196,977,800.00","210,524,000.00","207,603,000.00"
"","ATALANTA","","57,455,360.00","53,846,020.00","68,021,850.00","109,391,500.00","83,834,120.00","87,579,740.00","97,704,450.00","99,538,270.00","99,243,990.00","100,727,000.00","101,201,000.00"
"","AURORA","","83,024,550.00","81,607,720.00","105,183,000.00","129,850,700.00","152,685,600.00","152,886,900.00","150,186,800.00","166,813,400.00","210,338,300.00","176,938,000.00","268,262,000.00"
"","BALNEÁRIO ARROIO DO SILVA","","83,341,150.00","104,960,100.00","112,702,000.00","109,757,000.00","125,115,400.00","130,894,600.00","142,875,800.00","158,894,300.00","171,555,600.00","179,680,000.00","195,738,000.00"
"","BALNEÁRIO BARRA DO SUL","","96,881,750.00","107,906,900.00","125,050,200.00","130,436,700.00","151,355,200.00","163,615,800.00","176,327,300.00","188,053,300.00","185,960,700.00","202,180,000.00","216,071,000.00"
"","BALNEÁRIO CAMBORIÚ","","2,735,408,000.00","3,046,187,000.00","3,347,853,000.00","3,954,013,000.00","4,464,558,000.00","4,812,598,000.00","4,931,619,000.00","5,149,750,000.00","5,549,599,000.00","6,051,067,000.00","6,212,892,000.00"
"","BALNEÁRIO GAIVOTA","","68,223,220.00","75,404,200.00","82,505,570.00","97,091,820.00","112,124,000.00","124,580,000.00","128,503,800.00","140,778,300.00","152,250,200.00","166,797,000.00","182,757,000.00"
"","BALNEÁRIO PIÇARRAS","","282,332,300.00","359,192,100.00","322,065,800.00","449,503,500.00","511,935,600.00","511,354,100.00","594,627,400.00","841,169,200.00","939,638,400.00","1,109,527,000.00","1,222,086,000.00"
"","BALNEÁRIO RINCÃO","","-","-","-","129,061,300.00","152,996,100.00","164,469,000.00","217,335,200.00","212,953,200.00","225,341,500.00","242,539,000.00","270,465,000.00"
"","BANDEIRANTE","","27,557,810.00","32,290,280.00","32,441,790.00","41,768,100.00","47,095,570.00","57,170,130.00","62,748,030.00","62,541,770.00","61,176,810.00","79,441,000.00","106,897,000.00"
"","BARRA BONITA","","24,341,330.00","24,815,280.00","25,516,140.00","30,427,540.00","31,431,680.00","33,790,670.00","38,422,500.00","39,993,500.00","35,313,900.00","36,897,000.00","42,593,000.00"
"","BARRA VELHA","","365,510,600.00","698,695,600.00","933,375,700.00","982,779,000.00","1,280,955,000.00","1,297,219,000.00","1,300,555,000.00","1,666,892,000.00","1,393,275,000.00","1,831,228,000.00","1,843,428,000.00"
"","BELA VISTA DO TOLDO","","98,942,720.00","95,742,220.00","109,428,300.00","145,080,000.00","137,802,700.00","135,393,500.00","149,702,400.00","139,123,600.00","149,970,400.00","153,413,000.00","175,770,000.00"
"","BELMONTE","","27,073,950.00","31,181,020.00","32,709,650.00","43,169,630.00","46,446,900.00","46,414,140.00","49,592,170.00","53,318,860.00","51,749,340.00","53,277,000.00","61,745,000.00"
"","BENEDITO NOVO","","135,840,900.00","150,174,900.00","160,781,900.00","169,745,100.00","202,898,500.00","233,129,600.00","255,623,100.00","293,990,900.00","302,394,100.00","330,162,000.00","370,109,000.00"
"","BIGUAÇU","","1,001,116,000.00","1,186,477,000.00","1,338,683,000.00","1,381,738,000.00","1,558,399,000.00","1,455,244,000.00","1,523,083,000.00","1,609,731,000.00","1,864,510,000.00","2,217,970,000.00","2,395,794,000.00"
"","BLUMENAU","","9,908,621,000.00","11,082,983,000.00","12,101,671,000.00","13,084,850,000.00","15,885,446,000.00","15,438,661,000.00","15,405,704,000.00","16,013,864,000.00","16,958,783,000.00","17,294,179,000.00","17,783,621,000.00"
"","BOCAINA DO SUL","","46,247,540.00","53,417,220.00","44,201,040.00","55,123,850.00","58,761,450.00","64,646,730.00","70,413,450.00","68,269,900.00","77,864,990.00","86,229,000.00","96,114,000.00"
"","BOM JARDIM DA SERRA","","56,027,370.00","69,526,160.00","70,472,500.00","77,810,440.00","83,543,320.00","78,719,690.00","116,194,300.00","119,837,200.00","99,802,520.00","132,717,000.00","242,312,000.00"
"","BOM JESUS","","46,692,110.00","62,286,020.00","63,531,590.00","73,065,850.00","56,648,550.00","64,665,360.00","93,090,790.00","92,071,150.00","100,707,300.00","119,112,000.00","131,102,000.00"
"","BOM JESUS DO OESTE","","64,023,030.00","72,591,660.00","75,412,000.00","87,772,540.00","41,716,770.00","41,243,680.00","42,792,590.00","52,470,630.00","52,850,600.00","53,813,000.00","64,583,000.00"
"","BOM RETIRO","","147,648,500.00","165,446,600.00","179,431,900.00","230,571,900.00","229,038,800.00","232,721,400.00","285,350,100.00","254,185,500.00","272,608,600.00","313,892,000.00","346,836,000.00"
"","BOMBINHAS","","283,236,200.00","286,357,300.00","332,352,700.00","368,731,700.00","451,195,100.00","512,112,100.00","593,208,900.00","598,334,900.00","655,739,700.00","721,662,000.00","787,570,000.00"
"","BOTUVERÁ","","102,589,600.00","106,425,300.00","117,963,100.00","171,422,000.00","223,517,600.00","231,446,500.00","250,924,700.00","282,609,600.00","321,269,100.00","325,291,000.00","348,847,000.00"
"","BRAÇO DO NORTE","","483,790,700.00","548,702,100.00","611,677,400.00","771,797,300.00","908,192,900.00","979,638,200.00","1,014,142,000.00","1,134,602,000.00","1,174,452,000.00","1,338,203,000.00","1,444,355,000.00"
"","BRAÇO DO TROMBUDO","","108,789,300.00","137,937,100.00","140,111,000.00","150,053,900.00","177,309,200.00","143,141,900.00","140,351,500.00","137,910,600.00","155,673,300.00","155,526,000.00","181,509,000.00"
"","BRUNÓPOLIS","","41,162,030.00","50,761,550.00","63,926,010.00","51,258,730.00","60,321,180.00","64,094,670.00","76,313,290.00","76,675,070.00","81,241,720.00","90,130,000.00","95,763,000.00"
"","BRUSQUE","","3,346,225,000.00","3,628,164,000.00","3,937,395,000.00","4,394,724,000.00","5,256,958,000.00","4,953,144,000.00","5,249,639,000.00","5,885,107,000.00","6,375,501,000.00","6,931,830,000.00","7,001,785,000.00"
"","CAÇADOR","","1,534,459,000.00","1,780,967,000.00","1,906,689,000.00","2,559,871,000.00","2,714,396,000.00","2,588,654,000.00","2,733,645,000.00","3,074,094,000.00","3,298,867,000.00","3,530,193,000.00","3,967,128,000.00"
"","CAIBI","","98,726,650.00","113,739,200.00","107,883,400.00","126,888,900.00","182,406,500.00","169,217,300.00","183,043,100.00","197,558,600.00","207,598,700.00","250,713,000.00","285,306,000.00"
"","CALMON","","56,991,220.00","48,296,110.00","43,038,090.00","68,969,230.00","60,512,250.00","65,974,590.00","76,734,740.00","63,554,220.00","70,124,990.00","78,612,000.00","85,931,000.00"
"","CAMBORIÚ","","581,748,900.00","673,783,000.00","777,494,600.00","849,907,100.00","1,013,982,000.00","1,126,513,000.00","1,211,402,000.00","1,350,979,000.00","1,501,132,000.00","1,684,153,000.00","1,828,301,000.00"
"","CAMPO ALEGRE","","200,338,100.00","265,964,700.00","239,911,300.00","278,921,100.00","356,805,000.00","335,093,000.00","389,858,300.00","456,443,600.00","490,997,700.00","559,588,000.00","562,758,000.00"
"","CAMPO BELO DO SUL","","109,079,400.00","132,470,200.00","139,215,800.00","148,617,500.00","148,604,700.00","167,985,800.00","213,741,300.00","219,724,900.00","228,163,000.00","228,816,000.00","234,898,000.00"
"","CAMPO ERÊ","","194,818,900.00","178,035,300.00","236,213,600.00","284,979,900.00","228,639,900.00","232,323,000.00","266,885,200.00","265,130,800.00","293,752,600.00","278,432,000.00","330,921,000.00"
"","CAMPOS NOVOS","","1,307,033,000.00","1,412,611,000.00","1,545,230,000.00","1,669,360,000.00","1,725,100,000.00","1,889,322,000.00","1,952,635,000.00","1,965,649,000.00","1,948,611,000.00","2,194,251,000.00","2,436,870,000.00"
"","CANELINHA","","129,365,900.00","129,511,900.00","143,960,800.00","161,170,600.00","185,506,500.00","177,358,400.00","165,499,700.00","177,572,800.00","189,951,800.00","206,053,000.00","215,240,000.00"
"","CANOINHAS","","982,357,100.00","1,103,532,000.00","1,217,087,000.00","1,377,032,000.00","1,437,868,000.00","1,464,295,000.00","1,452,117,000.00","1,591,335,000.00","1,702,047,000.00","1,756,153,000.00","1,865,146,000.00"
"","CAPÃO ALTO","","43,105,510.00","54,378,600.00","86,860,930.00","99,801,210.00","70,681,400.00","82,723,570.00","107,709,500.00","101,045,000.00","118,404,200.00","136,810,000.00","157,629,000.00"
"","CAPINZAL","","430,395,900.00","492,701,400.00","526,881,200.00","556,716,800.00","763,884,500.00","748,653,000.00","786,849,500.00","838,098,300.00","833,963,600.00","949,033,000.00","961,809,000.00"
"","CAPIVARI DE BAIXO","","676,627,000.00","634,087,900.00","771,381,800.00","817,911,400.00","705,393,100.00","559,625,500.00","634,459,900.00","429,810,800.00","783,870,900.00","916,317,000.00","1,271,714,000.00"
"","CATANDUVAS","","185,683,800.00","207,287,200.00","219,279,900.00","264,207,300.00","366,234,100.00","355,297,900.00","402,535,700.00","392,499,000.00","406,680,300.00","436,259,000.00","455,395,000.00"
"","CAXAMBU DO SUL","","99,239,590.00","116,110,700.00","130,619,200.00","135,410,300.00","96,811,040.00","96,834,730.00","108,914,400.00","122,744,800.00","119,271,800.00","141,188,000.00","193,795,000.00"
"","CELSO RAMOS","","35,887,750.00","42,113,880.00","33,985,390.00","44,070,700.00","44,401,620.00","49,823,580.00","57,879,190.00","54,227,460.00","55,171,630.00","59,456,000.00","57,113,000.00"
"","CERRO NEGRO","","30,086,590.00","38,358,400.00","42,882,320.00","57,012,110.00","53,339,880.00","67,445,170.00","84,985,510.00","72,289,540.00","80,998,680.00","80,226,000.00","78,259,000.00"
"","CHAPADÃO DO LAGEADO","","52,331,970.00","47,027,490.00","61,546,690.00","67,631,510.00","59,138,840.00","57,756,900.00","72,603,310.00","82,487,040.00","83,224,150.00","80,329,000.00","98,061,000.00"
"","CHAPECÓ","","4,604,297,000.00","5,320,638,000.00","5,879,022,000.00","6,785,874,000.00","7,978,974,000.00","7,946,821,000.00","8,321,372,000.00","8,893,190,000.00","9,602,337,000.00","10,522,379,000.00","11,954,532,000.00"
"","COCAL DO SUL","","342,339,800.00","385,285,200.00","393,689,400.00","468,438,000.00","593,531,000.00","589,196,000.00","604,411,400.00","706,082,100.00","655,400,400.00","684,520,000.00","707,172,000.00"
"","CONCÓRDIA","","1,669,961,000.00","1,851,243,000.00","1,883,170,000.00","2,384,736,000.00","2,215,742,000.00","2,733,439,000.00","2,929,909,000.00","3,179,422,000.00","3,349,381,000.00","3,722,642,000.00","3,913,064,000.00"
"","CORDILHEIRA ALTA","","189,345,800.00","203,252,500.00","157,443,000.00","192,859,800.00","193,179,900.00","185,108,400.00","188,463,600.00","219,813,800.00","257,006,600.00","299,687,000.00","314,683,000.00"
"","CORONEL FREITAS","","154,181,000.00","219,124,400.00","182,767,000.00","266,224,400.00","234,133,300.00","238,691,200.00","257,645,200.00","256,490,300.00","269,997,900.00","283,657,000.00","332,005,000.00"
"","CORONEL MARTINS","","24,996,930.00","39,679,770.00","29,049,630.00","41,123,880.00","38,196,690.00","42,015,170.00","48,931,550.00","48,555,810.00","50,009,080.00","47,853,000.00","53,376,000.00"
"","CORREIA PINTO","","357,103,900.00","393,405,700.00","398,290,600.00","454,785,500.00","481,887,200.00","530,350,300.00","520,499,100.00","616,434,200.00","578,597,800.00","618,967,000.00","670,531,000.00"
"","CORUPÁ","","284,590,700.00","338,343,000.00","351,490,000.00","393,006,300.00","379,977,400.00","357,835,500.00","380,267,500.00","520,312,600.00","442,369,600.00","465,349,000.00","676,915,000.00"
"","CRICIÚMA","","3,870,771,000.00","4,758,666,000.00","5,016,311,000.00","5,496,582,000.00","6,349,390,000.00","6,998,879,000.00","6,898,752,000.00","7,149,694,000.00","7,684,445,000.00","8,229,743,000.00","8,805,204,000.00"
"","CUNHA PORÃ","","411,456,400.00","531,159,400.00","524,850,800.00","557,470,100.00","479,615,700.00","473,969,900.00","513,282,900.00","519,840,200.00","534,164,000.00","596,671,000.00","704,046,000.00"
"","CUNHATAÍ","","24,570,040.00","26,271,220.00","27,045,630.00","34,545,590.00","35,810,970.00","38,920,500.00","40,673,980.00","45,987,240.00","51,349,580.00","51,920,000.00","58,490,000.00"
"","CURITIBANOS","","646,797,000.00","732,850,700.00","842,490,400.00","934,827,500.00","1,063,004,000.00","1,082,175,000.00","1,226,428,000.00","1,495,894,000.00","1,425,005,000.00","1,494,455,000.00","1,604,543,000.00"
"","DESCANSO","","115,125,700.00","131,661,700.00","133,913,800.00","181,564,000.00","202,862,900.00","207,537,500.00","220,616,400.00","228,895,700.00","216,846,700.00","226,295,000.00","266,237,000.00"
"","DIONÍSIO CERQUEIRA","","189,575,300.00","232,367,800.00","267,436,800.00","338,168,000.00","364,587,000.00","386,425,100.00","400,590,400.00","400,533,300.00","394,622,500.00","414,671,000.00","495,285,000.00"
"","DONA EMMA","","50,370,270.00","51,435,310.00","58,793,180.00","70,484,310.00","83,510,260.00","81,879,320.00","88,075,150.00","101,243,900.00","114,413,700.00","116,476,000.00","135,649,000.00"
"","DOUTOR PEDRINHO","","36,868,480.00","41,012,920.00","47,678,870.00","57,365,510.00","72,495,240.00","80,246,590.00","98,778,440.00","112,866,400.00","114,121,400.00","118,683,000.00","131,349,000.00"
"","ENTRE RIOS","","25,847,820.00","80,354,250.00","91,410,210.00","88,845,070.00","46,944,170.00","49,210,290.00","51,105,990.00","47,077,150.00","47,981,020.00","50,589,000.00","54,417,000.00"
"","ERMO","","39,959,570.00","33,253,340.00","38,721,240.00","53,600,170.00","60,468,120.00","61,915,900.00","79,092,080.00","85,981,730.00","84,008,190.00","93,400,000.00","120,356,000.00"
"","ERVAL VELHO","","66,302,890.00","81,289,720.00","83,046,620.00","108,025,800.00","111,098,700.00","116,179,300.00","127,051,600.00","140,484,300.00","140,080,300.00","136,967,000.00","151,868,000.00"
"","FAXINAL DOS GUEDES","","325,049,200.00","356,040,800.00","367,356,000.00","450,808,600.00","390,425,600.00","368,140,800.00","402,978,500.00","434,704,100.00","440,649,600.00","470,844,000.00","578,782,000.00"
"","FLOR DO SERTÃO","","17,047,800.00","18,390,920.00","20,017,820.00","25,331,110.00","33,170,890.00","33,929,780.00","40,575,400.00","39,865,900.00","40,693,450.00","49,094,000.00","54,830,000.00"
"","FLORIANÓPOLIS","","11,276,680,000.00","12,731,618,000.00","13,946,621,000.00","14,974,993,000.00","16,915,926,000.00","17,619,984,000.00","18,660,876,000.00","19,516,694,000.00","21,059,561,000.00","21,963,928,000.00","21,312,447,000.00"
"","FORMOSA DO SUL","","28,588,440.00","31,559,900.00","41,654,920.00","44,559,030.00","48,785,310.00","43,901,930.00","51,673,500.00","49,743,570.00","55,333,880.00","56,944,000.00","60,840,000.00"
"","FORQUILHINHA","","433,874,300.00","423,648,200.00","472,519,400.00","527,713,100.00","739,261,000.00","745,907,800.00","714,768,700.00","813,485,400.00","850,666,900.00","898,164,000.00","978,821,000.00"
"","FRAIBURGO","","667,226,900.00","713,379,700.00","835,216,800.00","825,667,200.00","799,594,900.00","869,130,600.00","952,107,300.00","907,570,300.00","925,584,000.00","977,423,000.00","1,151,367,000.00"
"","FREI ROGÉRIO","","32,682,390.00","31,107,490.00","42,764,060.00","54,025,270.00","42,617,700.00","52,486,690.00","60,956,250.00","67,306,870.00","49,315,210.00","72,673,000.00","71,706,000.00"
"","GALVÃO","","77,393,210.00","93,486,740.00","90,492,560.00","106,757,400.00","61,503,460.00","67,074,900.00","80,375,010.00","66,674,200.00","75,572,800.00","76,466,000.00","95,530,000.00"
"","GAROPABA","","231,533,900.00","261,002,600.00","303,007,000.00","346,584,200.00","405,903,100.00","439,794,700.00","478,206,100.00","534,236,700.00","584,882,600.00","617,279,000.00","684,966,000.00"
"","GARUVA","","323,276,400.00","397,888,900.00","455,419,100.00","549,508,300.00","733,700,200.00","664,963,800.00","663,047,500.00","912,747,400.00","1,071,261,000.00","1,098,318,000.00","1,388,845,000.00"
"","GASPAR","","1,427,625,000.00","1,596,705,000.00","1,682,185,000.00","1,830,763,000.00","2,508,454,000.00","2,381,770,000.00","2,444,847,000.00","2,824,158,000.00","2,977,369,000.00","3,187,387,000.00","3,351,068,000.00"
"","GOVERNADOR CELSO RAMOS","","128,123,400.00","143,376,400.00","159,048,200.00","182,344,600.00","214,876,400.00","243,065,300.00","267,761,000.00","296,408,500.00","316,537,000.00","352,431,000.00","379,763,000.00"
"","GRÃO PARÁ","","99,936,970.00","122,921,000.00","126,307,200.00","150,128,100.00","183,992,200.00","184,904,400.00","197,913,500.00","227,778,100.00","218,836,100.00","248,771,000.00","263,484,000.00"
"","GRAVATAL","","110,220,400.00","112,506,900.00","118,622,300.00","137,243,000.00","146,658,800.00","189,465,800.00","203,117,800.00","224,292,700.00","240,758,900.00","264,765,000.00","289,249,000.00"
"","GUABIRUBA","","520,381,900.00","601,841,900.00","642,875,900.00","780,901,900.00","969,405,100.00","872,836,500.00","816,352,200.00","902,724,100.00","977,304,600.00","1,001,317,000.00","1,016,740,000.00"
"","GUARACIABA","","162,707,600.00","196,190,100.00","202,795,000.00","254,118,100.00","231,182,900.00","239,305,500.00","276,994,400.00","287,358,500.00","346,572,600.00","347,355,000.00","397,775,000.00"
"","GUARAMIRIM","","1,012,210,000.00","1,153,527,000.00","1,167,585,000.00","1,296,423,000.00","1,538,532,000.00","1,472,352,000.00","1,465,631,000.00","1,541,865,000.00","1,695,622,000.00","1,957,712,000.00","2,013,747,000.00"
"","GUARUJÁ DO SUL","","67,644,640.00","81,961,150.00","97,097,720.00","108,953,900.00","132,252,900.00","129,888,900.00","148,611,200.00","150,698,700.00","153,775,800.00","166,720,000.00","180,214,000.00"
"","GUATAMBÚ","","177,639,400.00","218,336,600.00","352,934,300.00","388,627,600.00","199,529,900.00","241,440,500.00","241,884,000.00","244,350,000.00","226,280,200.00","253,815,000.00","293,514,000.00"
"","HERVAL D'OESTE","","317,436,300.00","328,476,200.00","365,992,100.00","378,802,600.00","445,889,100.00","410,796,500.00","393,952,500.00","430,260,400.00","476,452,500.00","482,408,000.00","540,594,000.00"
"","IBIAM","","29,274,790.00","30,321,870.00","30,158,270.00","52,552,080.00","40,292,700.00","42,024,370.00","47,559,870.00","47,325,590.00","53,459,800.00","52,597,000.00","62,632,000.00"
"","IBICARÉ","","49,785,460.00","55,868,150.00","59,566,380.00","72,029,730.00","78,313,910.00","80,617,110.00","94,380,720.00","96,940,210.00","99,571,500.00","113,048,000.00","126,446,000.00"
"","IBIRAMA","","269,202,600.00","335,191,300.00","335,644,600.00","344,581,700.00","378,617,100.00","379,668,100.00","387,869,700.00","421,610,500.00","444,095,700.00","471,134,000.00","486,338,000.00"
"","IÇARA","","1,142,742,000.00","1,242,877,000.00","1,350,906,000.00","1,540,550,000.00","1,832,170,000.00","1,827,679,000.00","1,890,768,000.00","2,102,972,000.00","2,336,748,000.00","2,556,950,000.00","2,775,481,000.00"
"","ILHOTA","","206,642,800.00","292,489,500.00","318,454,300.00","356,093,500.00","449,310,300.00","462,779,100.00","632,581,600.00","683,686,600.00","708,734,500.00","724,130,000.00","739,697,000.00"
"","IMARUÍ","","109,020,400.00","114,892,600.00","124,114,000.00","151,885,600.00","157,060,200.00","163,862,800.00","173,628,000.00","181,532,100.00","196,345,100.00","196,002,000.00","237,231,000.00"
"","IMBITUBA","","701,969,400.00","727,707,300.00","824,126,000.00","989,629,900.00","1,074,231,000.00","1,178,408,000.00","1,369,594,000.00","1,548,283,000.00","1,773,195,000.00","2,021,093,000.00","2,148,020,000.00"
"","IMBUIA","","84,820,200.00","85,332,600.00","94,828,830.00","113,767,200.00","113,726,900.00","117,462,800.00","133,387,000.00","123,586,300.00","178,458,900.00","174,757,000.00","212,724,000.00"
"","INDAIAL","","1,425,283,000.00","1,608,948,000.00","1,801,648,000.00","1,834,322,000.00","2,288,292,000.00","2,219,339,000.00","2,321,940,000.00","2,500,546,000.00","2,589,757,000.00","2,976,159,000.00","3,128,704,000.00"
"","IOMERÊ","","81,163,840.00","91,155,640.00","74,176,930.00","96,230,140.00","96,019,160.00","92,778,130.00","96,915,530.00","127,194,100.00","124,805,200.00","162,274,000.00","185,751,000.00"
"","IPIRA","","50,378,680.00","56,247,130.00","61,099,080.00","65,818,980.00","75,234,640.00","74,263,620.00","81,058,240.00","84,447,400.00","84,685,060.00","87,799,000.00","97,829,000.00"
"","IPORÃ DO OESTE","","121,323,100.00","144,095,300.00","153,921,900.00","177,918,200.00","208,974,400.00","213,006,200.00","243,256,300.00","256,043,200.00","254,540,800.00","293,637,000.00","326,493,000.00"
"","IPUAÇU","","110,649,900.00","152,522,200.00","221,380,800.00","297,051,500.00","182,540,600.00","227,992,400.00","232,907,800.00","223,156,400.00","223,185,500.00","253,097,000.00","277,344,000.00"
"","IPUMIRIM","","163,885,600.00","188,655,900.00","184,712,700.00","210,856,400.00","304,183,200.00","306,611,800.00","309,827,100.00","313,269,400.00","332,210,800.00","356,128,000.00","398,968,000.00"
"","IRACEMINHA","","53,905,910.00","62,604,730.00","62,289,410.00","81,686,190.00","84,882,870.00","87,971,350.00","97,003,880.00","95,684,170.00","98,132,750.00","99,233,000.00","111,997,000.00"
"","IRANI","","115,299,800.00","130,140,000.00","144,769,000.00","180,511,600.00","194,845,800.00","190,920,900.00","196,138,200.00","210,934,200.00","238,409,800.00","242,272,000.00","269,570,000.00"
"","IRATI","","64,528,020.00","42,381,590.00","22,055,680.00","44,768,270.00","32,570,420.00","32,948,260.00","39,324,130.00","34,945,540.00","37,201,110.00","38,885,000.00","46,534,000.00"
"","IRINEÓPOLIS","","199,266,300.00","194,032,600.00","202,113,100.00","266,231,700.00","286,181,200.00","281,634,500.00","324,904,900.00","299,113,100.00","347,397,000.00","334,983,000.00","389,770,000.00"
"","ITÁ","","162,658,300.00","159,981,000.00","175,905,200.00","175,332,600.00","211,518,800.00","210,696,800.00","220,124,700.00","240,150,200.00","265,045,800.00","307,852,000.00","374,364,000.00"
"","ITAIÓPOLIS","","359,640,400.00","499,185,600.00","484,723,300.00","530,724,400.00","666,254,400.00","649,003,800.00","677,197,900.00","704,121,700.00","749,483,700.00","772,918,000.00","855,758,000.00"
"","ITAJAÍ","","10,060,381,000.00","12,178,894,000.00","13,577,096,000.00","15,485,921,000.00","18,072,445,000.00","18,708,229,000.00","19,288,428,000.00","21,932,201,000.00","25,413,432,000.00","28,215,220,000.00","33,084,145,000.00"
"","ITAPEMA","","798,638,300.00","922,711,600.00","1,076,310,000.00","1,155,218,000.00","1,352,819,000.00","1,476,770,000.00","1,581,139,000.00","1,698,461,000.00","1,872,017,000.00","2,140,616,000.00","2,406,021,000.00"
"","ITAPIRANGA","","352,392,600.00","479,709,700.00","446,459,900.00","590,528,000.00","670,279,000.00","784,744,200.00","727,686,200.00","753,937,300.00","773,554,200.00","832,983,000.00","945,782,000.00"
"","ITAPOÁ","","179,832,200.00","403,613,000.00","461,132,100.00","632,481,000.00","456,044,800.00","547,472,800.00","617,184,500.00","714,775,200.00","793,233,100.00","919,064,000.00","1,139,768,000.00"
"","ITUPORANGA","","445,916,300.00","436,303,800.00","518,425,400.00","592,435,600.00","703,407,500.00","702,223,600.00","781,569,700.00","831,856,900.00","933,730,200.00","967,257,000.00","1,109,876,000.00"
"","JABORÁ","","78,689,980.00","81,850,790.00","79,823,470.00","101,754,900.00","120,122,500.00","116,182,700.00","123,627,800.00","141,481,200.00","126,921,500.00","139,974,000.00","161,516,000.00"
"","JACINTO MACHADO","","153,791,600.00","148,193,400.00","214,591,100.00","272,987,000.00","254,621,500.00","256,439,800.00","289,946,000.00","322,629,800.00","331,496,400.00","377,316,000.00","454,946,000.00"
"","JAGUARUNA","","221,481,600.00","239,017,600.00","259,030,600.00","304,926,600.00","360,336,800.00","401,205,200.00","456,297,800.00","473,335,500.00","469,914,200.00","581,543,000.00","813,588,000.00"
"","JARAGUÁ DO SUL","","5,515,806,000.00","6,546,829,000.00","6,844,962,000.00","7,782,911,000.00","7,055,656,000.00","7,916,277,000.00","7,768,568,000.00","8,523,055,000.00","8,995,686,000.00","9,805,824,000.00","9,984,243,000.00"
"","JARDINÓPOLIS","","27,232,380.00","49,631,690.00","32,524,650.00","38,526,250.00","30,702,760.00","32,062,240.00","45,526,820.00","37,698,680.00","39,803,110.00","51,411,000.00","59,402,000.00"
"","JOAÇABA","","931,963,600.00","1,065,079,000.00","1,091,513,000.00","1,156,722,000.00","1,419,826,000.00","1,470,374,000.00","1,488,682,000.00","1,577,136,000.00","1,929,064,000.00","1,806,708,000.00","1,953,779,000.00"
"","JOINVILLE","","18,252,540,000.00","18,675,103,000.00","20,472,881,000.00","22,049,703,000.00","25,136,137,000.00","26,552,124,000.00","25,236,074,000.00","27,388,124,000.00","30,785,682,000.00","34,528,619,000.00","36,391,912,000.00"
"","JOSÉ BOITEUX","","69,613,540.00","61,882,700.00","68,036,790.00","80,304,570.00","81,174,900.00","88,012,000.00","98,297,210.00","108,763,900.00","102,234,400.00","106,904,000.00","117,421,000.00"
"","JUPIÁ","","25,787,690.00","40,971,070.00","32,214,860.00","44,110,150.00","42,958,560.00","44,649,760.00","53,191,630.00","52,780,970.00","56,788,340.00","54,054,000.00","69,669,000.00"
"","LACERDÓPOLIS","","77,672,770.00","93,819,630.00","98,424,030.00","109,678,000.00","80,256,450.00","82,188,400.00","88,769,100.00","93,047,460.00","92,184,200.00","105,174,000.00","138,061,000.00"
"","LAGES","","2,771,856,000.00","2,922,302,000.00","4,083,720,000.00","3,595,196,000.00","4,379,587,000.00","4,746,496,000.00","4,749,124,000.00","5,075,586,000.00","5,103,843,000.00","5,571,758,000.00","5,880,007,000.00"
"","LAGUNA","","474,495,200.00","526,835,800.00","686,312,200.00","668,180,300.00","748,635,900.00","757,677,900.00","784,301,600.00","841,741,800.00","900,499,100.00","891,933,000.00","962,895,000.00"
"","LAJEADO GRANDE","","22,752,250.00","25,538,830.00","80,508,950.00","91,100,260.00","41,946,640.00","35,116,120.00","38,097,990.00","39,368,980.00","41,354,510.00","50,350,000.00","60,932,000.00"
"","LAURENTINO","","121,033,500.00","131,989,200.00","141,875,200.00","165,059,500.00","214,231,400.00","218,288,200.00","252,520,300.00","257,563,500.00","267,676,000.00","290,054,000.00","337,187,000.00"
"","LAURO MULLER","","172,087,500.00","207,233,100.00","219,013,000.00","237,244,600.00","263,646,400.00","278,881,800.00","324,999,400.00","355,273,800.00","373,986,900.00","386,608,000.00","412,318,000.00"
"","LEBON RÉGIS","","185,263,500.00","152,471,300.00","170,447,400.00","181,963,300.00","193,065,000.00","216,199,900.00","248,571,000.00","223,593,100.00","246,848,600.00","319,479,000.00","365,967,000.00"
"","LEOBERTO LEAL","","52,035,540.00","50,949,740.00","64,310,210.00","72,563,670.00","72,190,620.00","68,717,650.00","78,299,200.00","93,076,480.00","93,972,260.00","97,975,000.00","119,876,000.00"
"","LINDÓIA DO SUL","","83,560,030.00","96,083,500.00","121,091,900.00","110,010,700.00","145,483,200.00","154,728,400.00","130,152,500.00","109,275,400.00","107,264,400.00","115,298,000.00","139,204,000.00"
"","LONTRAS","","133,035,500.00","190,931,300.00","213,552,400.00","203,323,500.00","232,101,200.00","234,860,500.00","268,475,100.00","314,283,300.00","322,170,000.00","357,625,000.00","395,109,000.00"
"","LUIZ ALVES","","326,048,200.00","322,167,600.00","353,865,500.00","406,346,700.00","479,091,900.00","482,012,400.00","538,355,200.00","575,786,900.00","581,065,500.00","495,951,000.00","593,037,000.00"
"","LUZERNA","","99,750,280.00","116,023,900.00","133,726,300.00","145,242,100.00","183,467,800.00","150,950,800.00","155,686,600.00","158,733,100.00","170,821,900.00","190,779,000.00","238,302,000.00"
"","MACIEIRA","","32,335,480.00","30,324,480.00","34,290,570.00","45,725,070.00","41,469,540.00","41,389,820.00","56,742,850.00","43,147,450.00","48,700,960.00","53,714,000.00","54,908,000.00"
"","MAFRA","","1,001,513,000.00","1,056,708,000.00","1,194,126,000.00","1,254,306,000.00","1,444,661,000.00","1,356,313,000.00","1,447,452,000.00","1,660,261,000.00","1,960,223,000.00","1,974,377,000.00","2,106,806,000.00"
"","MAJOR GERCINO","","34,688,820.00","39,827,150.00","42,499,180.00","35,019,050.00","41,893,520.00","41,576,220.00","46,315,430.00","46,447,180.00","49,334,110.00","52,370,000.00","53,895,000.00"
"","MAJOR VIEIRA","","106,677,000.00","109,000,700.00","121,812,900.00","155,859,500.00","185,158,700.00","173,020,400.00","185,939,200.00","185,873,800.00","210,905,000.00","210,561,000.00","241,225,000.00"
"","MARACAJÁ","","108,124,000.00","103,485,600.00","119,645,000.00","158,260,500.00","169,527,900.00","168,241,300.00","170,123,600.00","181,050,700.00","197,366,300.00","199,860,000.00","221,955,000.00"
"","MARAVILHA","","627,703,200.00","739,630,400.00","769,284,900.00","862,931,500.00","882,541,100.00","863,128,400.00","960,798,500.00","1,055,389,000.00","1,288,638,000.00","1,401,082,000.00","1,612,801,000.00"
"","MAREMA","","67,583,190.00","80,498,100.00","88,633,310.00","103,745,500.00","58,497,050.00","57,508,390.00","60,091,320.00","60,465,040.00","57,669,570.00","64,467,000.00","76,098,000.00"
"","MASSARANDUBA","","295,805,600.00","377,699,100.00","360,988,200.00","400,563,000.00","507,765,800.00","510,937,300.00","510,608,700.00","579,639,800.00","548,048,300.00","554,347,000.00","650,008,000.00"
"","MATOS COSTA","","26,335,400.00","28,931,780.00","36,257,260.00","31,959,410.00","36,160,550.00","36,734,370.00","45,871,050.00","48,419,200.00","51,802,760.00","51,446,000.00","51,603,000.00"
"","MELEIRO","","129,313,200.00","119,802,200.00","143,967,700.00","146,700,900.00","194,174,800.00","203,186,600.00","226,210,300.00","242,069,100.00","239,695,200.00","267,369,000.00","272,827,000.00"
"","MIRIM DOCE","","32,661,480.00","31,731,400.00","40,132,560.00","51,864,650.00","46,819,900.00","48,110,500.00","49,677,190.00","55,134,490.00","52,962,450.00","58,474,000.00","74,834,000.00"
"","MODELO","","92,868,760.00","106,845,100.00","113,810,400.00","128,214,300.00","90,761,560.00","95,556,280.00","112,413,600.00","108,067,800.00","115,056,400.00","118,948,000.00","133,991,000.00"
"","MONDAÍ","","256,172,000.00","345,812,800.00","359,101,000.00","415,832,800.00","537,624,800.00","491,166,700.00","517,118,700.00","581,365,900.00","656,579,600.00","713,677,000.00","873,779,000.00"
"","MONTE CARLO","","158,004,100.00","124,556,100.00","131,226,700.00","156,632,400.00","136,726,800.00","147,953,000.00","160,076,400.00","137,058,800.00","158,881,400.00","175,406,000.00","194,817,000.00"
"","MONTE CASTELO","","121,676,900.00","130,485,000.00","140,884,800.00","152,818,500.00","178,007,900.00","174,366,300.00","164,595,200.00","158,881,500.00","176,188,300.00","174,402,000.00","201,302,000.00"
"","MORRO DA FUMAÇA","","355,613,100.00","440,667,400.00","451,809,200.00","514,468,100.00","605,329,200.00","609,470,100.00","592,134,300.00","635,539,300.00","642,829,100.00","666,246,000.00","708,245,000.00"
"","MORRO GRANDE","","62,462,790.00","88,698,780.00","67,667,170.00","92,853,200.00","169,260,000.00","171,920,900.00","176,242,800.00","133,370,600.00","104,794,300.00","101,086,000.00","114,931,000.00"
"","NAVEGANTES","","1,423,383,000.00","1,392,480,000.00","2,314,770,000.00","2,711,377,000.00","3,292,421,000.00","3,258,291,000.00","3,287,283,000.00","4,108,477,000.00","3,820,584,000.00","4,685,199,000.00","4,971,219,000.00"
"","NOVA ERECHIM","","80,481,330.00","142,919,100.00","147,693,700.00","135,042,300.00","134,630,800.00","135,388,300.00","161,167,800.00","154,516,400.00","163,898,700.00","184,231,000.00","215,969,000.00"
"","NOVA ITABERABA","","95,314,130.00","119,364,100.00","69,982,020.00","138,655,900.00","97,412,170.00","98,888,860.00","107,925,000.00","104,948,700.00","107,210,800.00","134,297,000.00","145,013,000.00"
"","NOVA TRENTO","","286,074,500.00","300,700,200.00","325,477,900.00","388,389,900.00","468,000,300.00","479,663,600.00","508,093,600.00","523,649,100.00","591,684,700.00","630,774,000.00","626,292,000.00"
"","NOVA VENEZA","","361,663,700.00","435,542,000.00","449,246,100.00","471,296,500.00","632,706,300.00","640,970,600.00","728,262,300.00","716,228,900.00","725,540,100.00","761,312,000.00","810,190,000.00"
"","NOVO HORIZONTE","","45,609,560.00","55,402,410.00","55,378,160.00","68,808,230.00","76,126,250.00","75,372,190.00","86,601,340.00","81,118,720.00","91,411,330.00","90,215,000.00","114,276,000.00"
"","ORLEANS","","570,471,700.00","671,187,700.00","742,140,900.00","863,828,700.00","835,088,700.00","833,869,100.00","845,354,000.00","972,736,100.00","907,251,800.00","906,562,000.00","977,865,000.00"
"","OTACÍLIO COSTA","","468,841,900.00","490,915,400.00","528,923,600.00","540,927,800.00","554,071,300.00","621,609,900.00","643,086,800.00","695,720,200.00","755,962,700.00","771,457,000.00","854,180,000.00"
"","OURO","","86,414,180.00","97,325,160.00","100,525,600.00","119,382,300.00","135,537,200.00","139,204,400.00","149,795,600.00","159,748,900.00","166,184,300.00","195,951,000.00","216,569,000.00"
"","OURO VERDE","","45,047,460.00","62,228,380.00","65,355,960.00","84,813,240.00","69,211,880.00","68,587,130.00","87,366,540.00","86,255,150.00","87,127,700.00","93,752,000.00","118,065,000.00"
"","PAIAL","","22,301,720.00","67,636,600.00","71,284,330.00","74,154,910.00","30,107,670.00","31,551,250.00","36,124,940.00","38,921,210.00","41,073,830.00","41,043,000.00","47,599,000.00"
"","PAINEL","","44,087,770.00","32,746,420.00","34,749,310.00","40,403,360.00","40,869,820.00","44,323,470.00","58,010,900.00","57,572,680.00","47,342,200.00","59,911,000.00","66,513,000.00"
"","PALHOÇA","","2,685,689,000.00","3,133,473,000.00","3,846,978,000.00","3,990,380,000.00","4,694,889,000.00","5,104,686,000.00","4,375,512,000.00","4,834,031,000.00","5,489,676,000.00","5,985,390,000.00","6,530,836,000.00"
"","PALMA SOLA","","131,638,800.00","165,264,200.00","205,832,400.00","234,034,700.00","187,566,900.00","174,701,600.00","219,710,500.00","201,937,300.00","224,912,900.00","210,067,000.00","250,727,000.00"
"","PALMEIRA","","54,260,290.00","71,027,390.00","77,561,430.00","83,684,660.00","72,130,760.00","95,126,390.00","101,942,500.00","106,429,500.00","102,077,500.00","110,986,000.00","127,899,000.00"
"","PALMITOS","","324,931,000.00","420,119,400.00","482,453,400.00","547,051,500.00","511,738,600.00","501,812,000.00","543,968,100.00","575,111,600.00","621,045,500.00","691,110,000.00","762,021,000.00"
"","PAPANDUVA","","376,154,000.00","375,731,400.00","431,413,300.00","827,141,900.00","451,506,200.00","444,032,500.00","485,294,400.00","543,671,800.00","599,304,600.00","608,301,000.00","726,454,000.00"
"","PARAÍSO","","74,686,780.00","85,848,750.00","107,728,600.00","128,955,100.00","80,657,950.00","78,747,720.00","91,895,100.00","88,844,590.00","101,002,700.00","114,062,000.00","135,596,000.00"
"","PASSO DE TORRES","","60,171,640.00","57,442,530.00","61,715,630.00","75,292,480.00","93,660,370.00","126,099,900.00","123,272,300.00","140,034,000.00","164,527,100.00","176,771,000.00","201,419,000.00"
"","PASSOS MAIA","","98,126,340.00","76,164,800.00","80,698,900.00","98,778,540.00","98,577,400.00","107,379,800.00","123,801,000.00","136,167,000.00","138,416,700.00","133,265,000.00","145,979,000.00"
"","PAULO LOPES","","130,616,200.00","140,022,600.00","158,650,100.00","175,388,300.00","196,747,700.00","166,876,600.00","173,173,000.00","181,154,500.00","190,304,200.00","200,456,000.00","227,628,000.00"
"","PEDRAS GRANDES","","71,907,680.00","85,235,520.00","68,087,570.00","85,093,020.00","106,380,700.00","111,493,400.00","133,547,100.00","138,811,100.00","132,720,800.00","144,921,000.00","215,609,000.00"
"","PENHA","","278,810,300.00","334,466,600.00","386,263,400.00","452,573,600.00","521,145,300.00","593,902,500.00","625,840,900.00","673,740,600.00","743,895,500.00","819,067,000.00","912,953,000.00"
"","PERITIBA","","46,449,910.00","49,054,040.00","50,816,530.00","60,576,930.00","73,455,380.00","71,839,180.00","80,987,420.00","83,670,260.00","85,035,430.00","93,906,000.00","105,796,000.00"
"","PESCARIA BRAVA","","-","-","-","44,993,180.00","65,824,450.00","80,053,080.00","82,656,820.00","92,402,710.00","100,328,700.00","96,819,000.00","107,685,000.00"
"","PETROLÂNDIA","","101,149,700.00","104,640,300.00","181,674,500.00","162,824,500.00","133,835,500.00","139,087,400.00","163,443,000.00","167,194,100.00","173,692,500.00","180,715,000.00","188,304,000.00"
"","PINHALZINHO","","546,579,000.00","702,058,000.00","713,808,600.00","848,487,000.00","876,975,100.00","852,944,800.00","941,667,300.00","1,019,819,000.00","1,122,662,000.00","1,142,191,000.00","1,346,174,000.00"
"","PINHEIRO PRETO","","77,811,040.00","85,191,100.00","85,761,680.00","97,048,870.00","129,647,800.00","135,817,000.00","149,760,600.00","165,771,600.00","161,558,700.00","185,387,000.00","229,679,000.00"
"","PIRATUBA","","528,933,000.00","605,428,800.00","344,033,300.00","474,688,800.00","512,852,000.00","718,590,900.00","761,258,700.00","653,928,000.00","615,049,900.00","744,193,000.00","744,967,000.00"
"","PLANALTO ALEGRE","","67,546,930.00","87,083,840.00","94,956,810.00","105,150,200.00","55,732,080.00","56,450,360.00","54,973,730.00","88,616,350.00","94,867,180.00","110,961,000.00","115,407,000.00"
"","POMERODE","","979,887,800.00","1,191,074,000.00","1,269,274,000.00","1,460,079,000.00","2,149,149,000.00","1,708,490,000.00","1,712,404,000.00","1,919,219,000.00","2,026,616,000.00","2,119,307,000.00","2,197,112,000.00"
"","PONTE ALTA","","64,019,980.00","73,851,310.00","75,788,910.00","77,993,570.00","107,711,200.00","93,544,470.00","104,401,800.00","109,887,900.00","114,165,200.00","130,943,000.00","146,048,000.00"
"","PONTE ALTA DO NORTE","","74,258,700.00","78,833,360.00","87,405,410.00","95,619,900.00","81,083,470.00","74,608,880.00","79,705,740.00","110,203,600.00","115,306,000.00","114,123,000.00","138,328,000.00"
"","PONTE SERRADA","","154,028,400.00","176,063,900.00","203,200,200.00","245,046,300.00","210,409,500.00","206,329,300.00","218,210,600.00","225,477,700.00","226,904,700.00","226,671,000.00","249,948,000.00"
"","PORTO BELO","","567,926,000.00","604,122,400.00","666,258,200.00","735,349,800.00","831,065,300.00","878,271,800.00","884,185,500.00","945,196,000.00","1,177,910,000.00","1,262,672,000.00","1,334,187,000.00"
"","PORTO UNIÃO","","381,850,600.00","428,640,000.00","478,946,800.00","507,225,100.00","575,418,300.00","574,460,700.00","611,652,400.00","703,089,800.00","755,314,100.00","778,430,000.00","913,881,000.00"
"","POUSO REDONDO","","235,415,000.00","258,642,900.00","291,830,900.00","404,286,500.00","483,464,600.00","435,330,700.00","490,796,100.00","520,724,300.00","483,992,200.00","552,798,000.00","643,935,000.00"
"","PRAIA GRANDE","","87,287,440.00","85,439,550.00","146,742,400.00","114,635,200.00","128,769,500.00","129,246,100.00","140,105,600.00","155,813,600.00","160,285,800.00","169,487,000.00","190,251,000.00"
"","PRESIDENTE CASTELLO BRANCO","","27,283,150.00","28,889,630.00","29,260,620.00","36,484,630.00","42,485,650.00","43,463,330.00","47,984,320.00","45,854,850.00","45,954,360.00","54,908,000.00","70,785,000.00"
"","PRESIDENTE GETÚLIO","","294,793,400.00","290,084,400.00","358,208,500.00","357,778,400.00","493,962,100.00","491,715,000.00","512,337,400.00","625,811,100.00","712,052,200.00","721,514,000.00","774,707,000.00"
"","PRESIDENTE NEREU","","32,089,340.00","31,336,700.00","36,299,990.00","42,621,000.00","45,065,830.00","44,773,600.00","53,222,240.00","55,113,190.00","52,784,350.00","51,275,000.00","57,694,000.00"
"","PRINCESA","","26,722,400.00","30,618,960.00","34,906,730.00","53,005,420.00","57,682,200.00","52,504,030.00","66,161,960.00","66,929,040.00","71,458,820.00","74,087,000.00","105,012,000.00"
"","QUILOMBO","","366,185,200.00","493,518,800.00","530,080,300.00","454,933,500.00","331,593,400.00","338,345,900.00","356,785,400.00","347,609,400.00","352,659,400.00","364,898,000.00","406,964,000.00"
"","RANCHO QUEIMADO","","63,321,100.00","68,498,910.00","60,445,180.00","91,739,930.00","92,018,360.00","102,234,600.00","107,406,800.00","102,976,300.00","117,584,500.00","137,068,000.00","145,895,000.00"
"","RIO DAS ANTAS","","95,049,950.00","98,488,350.00","99,622,640.00","123,850,000.00","149,216,700.00","145,211,100.00","173,948,500.00","176,863,800.00","191,048,000.00","218,674,000.00","255,999,000.00"
"","RIO DO CAMPO","","95,858,850.00","96,970,090.00","108,343,900.00","129,977,500.00","138,500,700.00","137,502,800.00","145,613,800.00","162,919,900.00","148,568,800.00","160,482,000.00","184,121,000.00"
"","RIO DO OESTE","","118,700,200.00","111,281,000.00","132,319,800.00","156,434,500.00","173,004,100.00","166,332,000.00","196,289,600.00","194,684,900.00","185,465,300.00","207,600,000.00","236,317,000.00"
"","RIO DO SUL","","1,548,685,000.00","1,787,319,000.00","1,949,443,000.00","2,076,656,000.00","2,502,192,000.00","2,305,880,000.00","2,269,859,000.00","2,572,166,000.00","2,719,646,000.00","2,894,102,000.00","3,115,478,000.00"
"","RIO DOS CEDROS","","176,187,100.00","228,944,200.00","243,541,700.00","219,963,100.00","251,337,200.00","258,773,000.00","276,834,300.00","310,345,700.00","331,819,900.00","337,173,000.00","389,944,000.00"
"","RIO FORTUNA","","72,256,300.00","86,172,280.00","91,755,270.00","212,814,900.00","236,880,500.00","229,424,100.00","230,649,900.00","237,809,200.00","238,298,000.00","244,949,000.00","227,717,000.00"
"","RIO NEGRINHO","","653,645,800.00","735,430,100.00","795,632,000.00","869,022,500.00","971,603,000.00","986,804,200.00","997,977,600.00","1,092,653,000.00","1,158,012,000.00","1,232,353,000.00","1,388,843,000.00"
"","RIO RUFINO","","27,392,220.00","30,788,900.00","34,194,420.00","39,431,930.00","37,585,540.00","41,445,300.00","50,193,960.00","50,133,410.00","48,524,940.00","59,284,000.00","67,621,000.00"
"","RIQUEZA","","47,390,250.00","53,773,460.00","57,254,920.00","69,196,550.00","87,296,860.00","84,656,050.00","91,140,230.00","99,924,650.00","113,274,100.00","125,266,000.00","127,591,000.00"
"","RODEIO","","158,760,700.00","174,914,100.00","246,585,500.00","232,646,700.00","284,532,200.00","248,128,000.00","259,406,800.00","273,991,100.00","285,412,900.00","305,814,000.00","324,949,000.00"
"","ROMELÂNDIA","","81,548,190.00","101,304,900.00","111,605,300.00","119,907,200.00","78,405,790.00","72,056,540.00","80,286,060.00","82,298,450.00","84,613,460.00","89,444,000.00","105,862,000.00"
"","SALETE","","97,466,510.00","110,160,800.00","114,483,400.00","131,622,300.00","166,657,900.00","160,171,900.00","165,733,300.00","180,699,000.00","197,595,800.00","217,401,000.00","290,851,000.00"
"","SALTINHO","","45,179,230.00","41,564,630.00","90,153,510.00","60,303,520.00","55,490,570.00","58,471,270.00","67,081,990.00","71,691,080.00","70,321,890.00","70,206,000.00","80,393,000.00"
"","SALTO VELOSO","","97,550,970.00","187,128,900.00","107,317,900.00","112,113,800.00","163,560,100.00","186,638,100.00","177,396,800.00","171,636,200.00","171,645,900.00","201,505,000.00","239,199,000.00"
"","SANGÃO","","161,084,400.00","180,337,500.00","240,565,200.00","223,246,100.00","233,719,100.00","249,050,300.00","249,404,000.00","280,614,600.00","319,406,600.00","334,671,000.00","362,559,000.00"
"","SANTA CECÍLIA","","240,264,600.00","236,905,800.00","274,449,400.00","307,268,500.00","351,765,900.00","362,796,400.00","375,231,500.00","419,310,400.00","470,773,300.00","481,577,000.00","545,063,000.00"
"","SANTA HELENA","","31,905,690.00","38,058,510.00","38,871,120.00","47,867,870.00","56,747,940.00","53,881,450.00","65,998,550.00","64,421,230.00","70,074,610.00","75,557,000.00","92,098,000.00"
"","SANTA ROSA DE LIMA","","31,270,380.00","34,910,060.00","32,538,570.00","39,067,950.00","44,702,490.00","48,547,250.00","47,267,870.00","48,274,020.00","50,667,770.00","57,497,000.00","64,953,000.00"
"","SANTA ROSA DO SUL","","79,754,730.00","70,875,780.00","82,305,880.00","106,114,000.00","113,629,900.00","112,838,000.00","129,200,900.00","138,941,500.00","132,838,000.00","152,035,000.00","152,707,000.00"
"","SANTA TEREZINHA","","120,713,000.00","123,193,200.00","142,896,700.00","164,156,900.00","179,002,200.00","162,945,400.00","188,062,100.00","192,739,600.00","181,327,900.00","193,936,000.00","192,847,000.00"
"","SANTA TEREZINHA DO PROGRESSO","","29,677,380.00","32,269,370.00","29,326,530.00","37,491,780.00","40,080,470.00","41,400,680.00","46,817,700.00","49,384,190.00","52,365,040.00","52,317,000.00","58,261,000.00"
"","SANTIAGO DO SUL","","27,220,850.00","29,556,300.00","28,921,920.00","40,773,740.00","27,791,890.00","29,932,020.00","32,110,940.00","32,320,850.00","33,849,480.00","35,092,000.00","38,537,000.00"
"","SANTO AMARO DA IMPERATRIZ","","427,862,700.00","476,204,200.00","498,947,200.00","587,584,900.00","643,747,600.00","656,335,700.00","745,982,700.00","753,918,700.00","848,974,200.00","926,587,000.00","1,032,573,000.00"
"","SÃO BENTO DO SUL","","1,889,164,000.00","2,265,017,000.00","2,496,922,000.00","2,690,098,000.00","3,129,774,000.00","2,828,572,000.00","2,652,536,000.00","2,994,813,000.00","3,198,188,000.00","3,323,764,000.00","3,644,559,000.00"
"","SÃO BERNARDINO","","67,575,860.00","44,868,330.00","94,767,740.00","53,266,010.00","48,999,590.00","49,929,060.00","58,747,470.00","57,874,680.00","63,725,680.00","64,038,000.00","78,394,000.00"
"","SÃO BONIFÁCIO","","35,464,200.00","34,906,100.00","38,539,050.00","46,080,930.00","50,858,970.00","50,098,530.00","55,551,720.00","61,837,120.00","71,441,340.00","73,682,000.00","81,195,000.00"
"","SÃO CARLOS","","196,063,700.00","224,192,200.00","228,822,400.00","283,377,200.00","265,725,000.00","268,754,100.00","294,553,400.00","340,075,200.00","424,613,800.00","431,403,000.00","439,744,000.00"
"","SÃO CRISTOVÃO DO SUL","","71,357,650.00","75,770,610.00","79,620,090.00","107,766,900.00","112,661,600.00","115,524,100.00","120,723,700.00","147,729,000.00","158,741,400.00","159,871,000.00","161,077,000.00"
"","SÃO DOMINGOS","","183,389,500.00","227,783,900.00","235,305,200.00","290,966,400.00","247,676,000.00","280,101,400.00","326,513,100.00","309,647,800.00","327,326,300.00","310,516,000.00","338,958,000.00"
"","SÃO FRANCISCO DO SUL","","2,107,730,000.00","2,656,569,000.00","2,892,368,000.00","3,279,382,000.00","3,566,016,000.00","3,673,351,000.00","3,589,664,000.00","3,996,444,000.00","4,142,714,000.00","4,237,319,000.00","4,758,498,000.00"
"","SÃO JOÃO BATISTA","","477,647,700.00","467,623,000.00","479,604,500.00","550,950,400.00","690,230,100.00","688,817,100.00","753,071,100.00","860,361,200.00","898,813,600.00","922,115,000.00","882,425,000.00"
"","SÃO JOÃO DO ITAPERIÚ","","59,225,450.00","59,767,910.00","58,595,400.00","79,394,490.00","131,208,300.00","136,165,300.00","148,741,300.00","169,132,400.00","170,373,600.00","206,272,000.00","241,954,000.00"
"","SÃO JOÃO DO OESTE","","104,737,500.00","107,303,800.00","116,730,500.00","151,127,800.00","180,311,500.00","176,409,300.00","203,104,800.00","213,293,800.00","221,149,500.00","273,811,000.00","316,607,000.00"
"","SÃO JOÃO DO SUL","","83,266,530.00","76,706,300.00","88,204,700.00","107,977,000.00","129,394,300.00","137,587,600.00","158,620,000.00","188,923,900.00","192,692,600.00","204,292,000.00","238,741,000.00"
"","SÃO JOAQUIM","","390,207,300.00","392,015,200.00","416,983,400.00","500,244,700.00","672,560,900.00","669,566,600.00","880,562,700.00","858,627,100.00","747,203,500.00","894,980,000.00","917,828,000.00"
"","SÃO JOSÉ","","5,115,255,000.00","6,043,045,000.00","6,491,228,000.00","7,661,755,000.00","8,720,751,000.00","9,102,994,000.00","9,885,438,000.00","10,136,637,000.00","10,607,483,000.00","11,290,448,000.00","11,503,140,000.00"
"","SÃO JOSÉ DO CEDRO","","238,780,700.00","267,327,200.00","288,646,300.00","332,574,500.00","319,664,800.00","323,367,400.00","386,050,900.00","389,555,600.00","409,457,900.00","418,052,000.00","485,964,000.00"
"","SÃO JOSÉ DO CERRITO","","92,018,620.00","88,958,730.00","105,519,600.00","238,406,600.00","229,292,200.00","198,892,600.00","282,672,800.00","228,025,000.00","249,339,600.00","262,282,000.00","194,120,000.00"
"","SÃO LOURENÇO DO OESTE","","450,919,800.00","580,336,700.00","593,782,400.00","708,563,900.00","762,481,100.00","739,851,000.00","806,590,700.00","839,371,200.00","960,833,900.00","1,112,706,000.00","1,192,246,000.00"
"","SÃO LUDGERO","","337,295,800.00","395,682,800.00","430,404,100.00","558,071,600.00","583,232,100.00","596,577,800.00","588,317,700.00","582,933,900.00","636,350,300.00","694,910,000.00","772,368,000.00"
"","SÃO MARTINHO","","47,951,090.00","55,134,560.00","60,013,850.00","63,676,070.00","70,528,450.00","68,371,260.00","76,439,180.00","75,106,770.00","81,324,960.00","81,160,000.00","89,609,000.00"
"","SÃO MIGUEL DA BOA VISTA","","22,193,440.00","20,326,000.00","22,164,920.00","27,242,710.00","30,576,270.00","29,729,490.00","34,731,750.00","34,044,230.00","36,642,240.00","39,544,000.00","47,545,000.00"
"","SÃO MIGUEL DO OESTE","","898,067,100.00","1,024,749,000.00","1,146,401,000.00","1,286,907,000.00","1,292,020,000.00","1,276,724,000.00","1,356,167,000.00","1,449,729,000.00","1,521,972,000.00","1,675,133,000.00","1,810,750,000.00"
"","SÃO PEDRO DE ALCÂNTARA","","41,325,210.00","43,798,600.00","49,626,860.00","52,531,500.00","57,104,940.00","68,109,630.00","73,636,710.00","71,308,840.00","80,862,720.00","87,589,000.00","93,152,000.00"
"","SAUDADES","","190,421,000.00","214,263,500.00","242,754,500.00","270,974,400.00","248,760,800.00","267,730,800.00","282,391,700.00","324,686,900.00","321,903,400.00","384,604,000.00","411,702,000.00"
"","SCHROEDER","","267,424,200.00","312,350,200.00","333,701,400.00","390,321,700.00","425,795,700.00","392,659,500.00","424,299,700.00","483,796,100.00","499,669,800.00","524,879,000.00","608,470,000.00"
"","SEARA","","474,759,200.00","453,236,500.00","504,659,100.00","534,295,800.00","736,786,100.00","756,414,900.00","756,693,700.00","812,914,100.00","799,912,600.00","896,557,000.00","1,014,880,000.00"
"","SERRA ALTA","","77,421,010.00","100,814,200.00","103,339,900.00","109,336,000.00","89,135,670.00","100,351,100.00","109,147,500.00","77,387,950.00","81,305,770.00","87,123,000.00","97,517,000.00"
"","SIDERÓPOLIS","","276,478,200.00","293,505,800.00","261,649,300.00","416,706,400.00","477,141,400.00","503,538,600.00","407,226,700.00","458,519,200.00","466,716,900.00","525,771,000.00","615,207,000.00"
"","SOMBRIO","","439,222,300.00","473,403,300.00","504,671,700.00","526,865,900.00","589,341,800.00","615,206,100.00","675,326,100.00","752,081,700.00","785,293,200.00","803,393,000.00","783,607,000.00"
"","SUL BRASIL","","69,654,860.00","75,311,320.00","78,097,580.00","85,060,740.00","59,862,290.00","74,191,370.00","82,098,320.00","51,487,240.00","56,385,680.00","63,196,000.00","75,279,000.00"
"","TAIÓ","","343,181,500.00","366,092,900.00","439,863,200.00","413,939,200.00","479,103,000.00","493,008,700.00","525,021,900.00","573,678,500.00","599,958,700.00","667,409,000.00","718,776,000.00"
"","TANGARÁ","","230,221,000.00","253,416,700.00","251,501,600.00","292,343,000.00","348,965,100.00","355,578,600.00","394,759,800.00","411,972,100.00","409,469,400.00","437,886,000.00","478,595,000.00"
"","TIGRINHOS","","18,899,250.00","22,231,340.00","22,477,970.00","29,125,490.00","30,170,850.00","32,105,470.00","36,463,090.00","37,668,010.00","42,286,820.00","60,606,000.00","50,565,000.00"
"","TIJUCAS","","692,919,900.00","831,267,200.00","954,874,900.00","1,188,294,000.00","1,359,737,000.00","1,400,274,000.00","1,391,976,000.00","1,467,125,000.00","1,539,749,000.00","1,735,631,000.00","1,893,895,000.00"
"","TIMBÉ DO SUL","","74,484,980.00","65,261,650.00","80,990,260.00","85,231,570.00","90,984,720.00","90,814,880.00","108,889,100.00","115,360,400.00","128,869,600.00","129,154,000.00","142,580,000.00"
"","TIMBÓ","","1,000,350,000.00","1,179,960,000.00","1,247,230,000.00","1,379,036,000.00","1,745,717,000.00","1,598,015,000.00","1,701,695,000.00","1,832,567,000.00","1,858,869,000.00","1,967,801,000.00","2,092,793,000.00"
"","TIMBÓ GRANDE","","91,348,910.00","107,143,700.00","114,925,200.00","142,164,500.00","156,634,900.00","171,692,600.00","169,886,400.00","187,298,400.00","197,331,000.00","190,140,000.00","217,023,000.00"
"","TRÊS BARRAS","","392,282,300.00","467,909,500.00","587,472,500.00","684,588,200.00","889,662,700.00","833,137,800.00","906,489,500.00","1,043,119,000.00","1,113,578,000.00","1,150,828,000.00","1,305,543,000.00"
"","TREVISO","","139,646,100.00","143,041,200.00","159,451,300.00","243,688,400.00","223,315,000.00","254,366,900.00","218,282,600.00","215,595,300.00","204,543,700.00","211,614,000.00","245,279,000.00"
"","TREZE DE MAIO","","88,247,840.00","86,310,200.00","89,980,740.00","111,235,100.00","113,165,100.00","125,473,600.00","142,827,300.00","143,733,800.00","147,503,900.00","164,576,000.00","166,853,000.00"
"","TREZE TÍLIAS","","199,684,500.00","241,047,500.00","327,664,300.00","337,485,800.00","533,596,600.00","475,913,400.00","547,182,300.00","614,882,400.00","613,122,700.00","711,248,000.00","773,110,000.00"
"","TROMBUDO CENTRAL","","149,526,200.00","167,705,000.00","179,295,000.00","214,704,100.00","257,457,500.00","212,757,800.00","222,096,100.00","232,396,400.00","254,268,500.00","277,000,000.00","312,661,000.00"
"","TUBARÃO","","1,980,404,000.00","2,256,208,000.00","2,502,550,000.00","2,791,737,000.00","3,317,474,000.00","3,237,605,000.00","3,405,754,000.00","3,516,205,000.00","3,741,552,000.00","3,961,862,000.00","4,043,575,000.00"
"","TUNÁPOLIS","","60,452,070.00","67,617,240.00","72,570,200.00","90,271,740.00","99,683,450.00","99,724,760.00","113,141,600.00","119,101,800.00","124,217,800.00","142,135,000.00","172,055,000.00"
"","TURVO","","304,084,800.00","283,355,800.00","338,854,100.00","336,794,300.00","462,459,300.00","457,173,700.00","495,430,700.00","518,351,300.00","538,191,700.00","535,770,000.00","644,540,000.00"
"","UNIÃO DO OESTE","","69,791,040.00","87,910,810.00","94,104,660.00","105,939,700.00","50,152,110.00","51,960,610.00","56,905,230.00","60,672,370.00","59,537,440.00","65,785,000.00","76,590,000.00"
"","URUBICI","","149,489,100.00","155,357,100.00","154,540,500.00","209,063,600.00","208,630,400.00","219,599,000.00","260,335,500.00","232,355,900.00","250,464,500.00","296,615,000.00","328,777,000.00"
"","URUPEMA","","32,839,930.00","34,524,900.00","37,811,650.00","42,607,370.00","51,616,980.00","49,490,940.00","66,077,240.00","68,706,940.00","54,676,740.00","66,614,000.00","75,587,000.00"
"","URUSSANGA","","446,479,600.00","527,613,400.00","542,993,000.00","613,146,500.00","760,681,400.00","737,693,600.00","739,256,700.00","794,659,000.00","835,696,600.00","834,663,000.00","913,785,000.00"
"","VARGEÃO","","168,042,700.00","257,596,800.00","316,382,800.00","294,680,000.00","112,765,600.00","112,412,700.00","115,015,900.00","133,068,600.00","131,915,700.00","141,077,000.00","166,921,000.00"
"","VARGEM","","31,532,610.00","34,088,130.00","39,160,460.00","47,188,180.00","110,495,000.00","111,497,600.00","58,995,210.00","59,496,340.00","61,414,170.00","65,731,000.00","64,360,000.00"
"","VARGEM BONITA","","227,434,200.00","246,402,200.00","241,763,100.00","253,574,100.00","315,448,100.00","326,300,000.00","338,264,600.00","383,954,400.00","392,371,400.00","444,100,000.00","517,713,000.00"
"","VIDAL RAMOS","","112,126,600.00","133,762,900.00","185,620,800.00","211,483,500.00","229,270,300.00","242,840,400.00","244,270,900.00","262,229,800.00","287,462,300.00","286,152,000.00","322,853,000.00"
"","VIDEIRA","","1,321,930,000.00","1,481,946,000.00","1,558,188,000.00","1,654,509,000.00","2,052,274,000.00","2,055,978,000.00","2,145,344,000.00","2,230,367,000.00","2,427,864,000.00","2,702,064,000.00","2,967,393,000.00"
"","VITOR MEIRELES","","70,884,620.00","67,576,190.00","76,631,820.00","83,634,660.00","92,504,600.00","94,528,440.00","102,761,000.00","117,875,700.00","118,550,500.00","118,888,000.00","128,682,000.00"
"","WITMARSUM","","66,342,250.00","67,950,760.00","72,938,520.00","84,680,440.00","95,820,720.00","95,988,600.00","108,866,000.00","120,885,500.00","129,232,600.00","131,465,000.00","143,671,000.00"
"","XANXERÊ","","1,041,491,000.00","1,242,075,000.00","1,318,268,000.00","1,319,706,000.00","1,477,791,000.00","1,458,213,000.00","1,530,245,000.00","1,604,050,000.00","1,703,710,000.00","1,896,873,000.00","2,185,610,000.00"
"","XAVANTINA","","91,944,330.00","97,463,230.00","92,486,740.00","112,955,900.00","141,825,300.00","171,769,900.00","185,723,600.00","183,022,300.00","216,185,400.00","157,893,000.00","175,583,000.00"
"","XAXIM","","579,348,900.00","594,177,600.00","595,003,400.00","778,413,800.00","779,071,100.00","812,945,200.00","845,678,200.00","927,591,700.00","947,824,800.00","1,038,423,000.00","1,108,167,000.00"
"","ZORTÉA","","35,327,220.00","40,530,800.00","41,102,530.00","52,344,880.00","59,500,900.00","61,737,490.00","66,969,360.00","69,088,820.00","71,184,890.00","82,422,000.00","81,851,000.00"
